{
  "tag": "cora_full/bnn_gpe__rho20__seed1",
  "config": "pact/configs/server/cora_full.yaml",
  "learner": "bnn",
  "rho": 20.0,
  "seed": 1,
  "no_gpe": false,
  "community_detection": null,
  "epoch": 150,
  "val": {
    "qini": 0.3034992516040802,
    "auuc": 5448.355645364991,
    "lift@30": 5344.48486328125,
    "pehe": 5.4856181144714355,
    "ate": 1.3888375759124756
  },
  "test": {
    "qini": 0.3120560348033905,
    "auuc": 5605.612935826175,
    "lift@30": 4869.958984375,
    "pehe": 5.144337177276611,
    "ate": 1.4112069606781006
  }
}