{
  "tag": "cora_full/bnn_gpe__rho15__seed2",
  "config": "pact/configs/server/cora_full.yaml",
  "learner": "bnn",
  "rho": 15.0,
  "seed": 2,
  "no_gpe": false,
  "community_detection": null,
  "epoch": 30,
  "val": {
    "qini": 0.4167337119579315,
    "auuc": 6501.923718110634,
    "lift@30": 6530.91796875,
    "pehe": 5.280953407287598,
    "ate": 1.7642403841018677
  },
  "test": {
    "qini": 0.3723202645778656,
    "auuc": 6012.908034360788,
    "lift@30": 5753.931640625,
    "pehe": 5.345026016235352,
    "ate": 1.5581423044204712
  }
}