{
  "tag": "cora_full/bnn__rho15__seed3",
  "config": "pact/configs/server/cora_full.yaml",
  "learner": "bnn",
  "rho": 15.0,
  "seed": 3,
  "no_gpe": true,
  "community_detection": null,
  "epoch": 199,
  "val": {
    "qini": 0.4054724872112274,
    "auuc": 5803.1002778479415,
    "lift@30": 5691.22607421875,
    "pehe": 5.3902177810668945,
    "ate": 1.5460654497146606
  },
  "test": {
    "qini": 0.3532809019088745,
    "auuc": 5591.870136432542,
    "lift@30": 5259.65673828125,
    "pehe": 4.947254180908203,
    "ate": 1.6069889068603516
  }
}