{
  "tag": "cora_full/bnn_gpe__rho20__seed3",
  "config": "pact/configs/server/cora_full.yaml",
  "learner": "bnn",
  "rho": 20.0,
  "seed": 3,
  "no_gpe": false,
  "community_detection": null,
  "epoch": 40,
  "val": {
    "qini": 0.3994065523147583,
    "auuc": 6065.081081081081,
    "lift@30": 6105.9775390625,
    "pehe": 5.521470069885254,
    "ate": 1.435593843460083
  },
  "test": {
    "qini": 0.37087398767471313,
    "auuc": 5697.119757453259,
    "lift@30": 5843.296875,
    "pehe": 5.0574822425842285,
    "ate": 1.490501046180725
  }
}