{
  "tag": "cora_full/bnn__rho15__seed1",
  "config": "pact/configs/server/cora_full.yaml",
  "learner": "bnn",
  "rho": 15.0,
  "seed": 1,
  "no_gpe": true,
  "community_detection": null,
  "epoch": 60,
  "val": {
    "qini": 0.3808036148548126,
    "auuc": 5382.311189694367,
    "lift@30": 5117.84765625,
    "pehe": 5.380391597747803,
    "ate": 1.3065791130065918
  },
  "test": {
    "qini": 0.3329484760761261,
    "auuc": 5138.953006568974,
    "lift@30": 4830.244140625,
    "pehe": 5.042593955993652,
    "ate": 1.3637293577194214
  }
}