{
  "tag": "cora_full/bnn__rho15__seed2",
  "config": "pact/configs/server/cora_full.yaml",
  "learner": "bnn",
  "rho": 15.0,
  "seed": 2,
  "no_gpe": true,
  "community_detection": null,
  "epoch": 140,
  "val": {
    "qini": 0.3515095114707947,
    "auuc": 6073.952008082849,
    "lift@30": 5531.43603515625,
    "pehe": 5.0442352294921875,
    "ate": 1.5345430374145508
  },
  "test": {
    "qini": 0.31587839126586914,
    "auuc": 5652.0717534108135,
    "lift@30": 4933.1416015625,
    "pehe": 5.122257232666016,
    "ate": 1.3377132415771484
  }
}