{
  "tag": "cora_full/bnn_gpe__rho15__seed3",
  "config": "pact/configs/server/cora_full.yaml",
  "learner": "bnn",
  "rho": 15.0,
  "seed": 3,
  "no_gpe": false,
  "community_detection": null,
  "epoch": 30,
  "val": {
    "qini": 0.3687072992324829,
    "auuc": 5584.108613286184,
    "lift@30": 5167.18505859375,
    "pehe": 5.52148962020874,
    "ate": 1.5078787803649902
  },
  "test": {
    "qini": 0.33468228578567505,
    "auuc": 5474.053562405255,
    "lift@30": 4913.8935546875,
    "pehe": 5.089292526245117,
    "ate": 1.5647404193878174
  }
}