{
  "tag": "cora_full/bnn__rho20__seed1",
  "config": "pact/configs/server/cora_full.yaml",
  "learner": "bnn",
  "rho": 20.0,
  "seed": 1,
  "no_gpe": true,
  "community_detection": null,
  "epoch": 150,
  "val": {
    "qini": 0.32977041602134705,
    "auuc": 5626.124273806517,
    "lift@30": 5219.99560546875,
    "pehe": 5.4295783042907715,
    "ate": 1.367429494857788
  },
  "test": {
    "qini": 0.35767853260040283,
    "auuc": 5907.537139969681,
    "lift@30": 5547.6083984375,
    "pehe": 5.082041263580322,
    "ate": 1.3875237703323364
  }
}