{
  "tag": "cora_full/bnn__rho20__seed3",
  "config": "pact/configs/server/cora_full.yaml",
  "learner": "bnn",
  "rho": 20.0,
  "seed": 3,
  "no_gpe": true,
  "community_detection": null,
  "epoch": 80,
  "val": {
    "qini": 0.338975727558136,
    "auuc": 5673.08865875221,
    "lift@30": 5304.5400390625,
    "pehe": 5.480103015899658,
    "ate": 1.3860092163085938
  },
  "test": {
    "qini": 0.34285861253738403,
    "auuc": 5520.45073269328,
    "lift@30": 5111.3388671875,
    "pehe": 5.013263702392578,
    "ate": 1.4397857189178467
  }
}