{
  "tag": "cora_full/bnn_gpe__rho20__seed2",
  "config": "pact/configs/server/cora_full.yaml",
  "learner": "bnn",
  "rho": 20.0,
  "seed": 2,
  "no_gpe": false,
  "community_detection": null,
  "epoch": 20,
  "val": {
    "qini": 0.39967992901802063,
    "auuc": 6358.197524627431,
    "lift@30": 6355.85791015625,
    "pehe": 5.306820869445801,
    "ate": 1.8016279935836792
  },
  "test": {
    "qini": 0.3862004280090332,
    "auuc": 6035.304699343103,
    "lift@30": 6025.1953125,
    "pehe": 5.358575820922852,
    "ate": 1.5901646614074707
  }
}