{
  "tag": "cora_full/bnn__rho20__seed2",
  "config": "pact/configs/server/cora_full.yaml",
  "learner": "bnn",
  "rho": 20.0,
  "seed": 2,
  "no_gpe": true,
  "community_detection": null,
  "epoch": 20,
  "val": {
    "qini": 0.38726744055747986,
    "auuc": 6275.970699671634,
    "lift@30": 6300.025390625,
    "pehe": 5.266875267028809,
    "ate": 1.745924711227417
  },
  "test": {
    "qini": 0.40099138021469116,
    "auuc": 6128.253158160687,
    "lift@30": 6089.32861328125,
    "pehe": 5.321568012237549,
    "ate": 1.5356751680374146
  }
}