{
  "tag": "cora_full/bnn_gpe__rho20__seed4",
  "config": "pact/configs/server/cora_full.yaml",
  "learner": "bnn",
  "rho": 20.0,
  "seed": 4,
  "no_gpe": false,
  "community_detection": null,
  "epoch": 50,
  "val": {
    "qini": 0.4027235507965088,
    "auuc": 5168.32583985855,
    "lift@30": 5083.365234375,
    "pehe": 4.927670955657959,
    "ate": 1.210494875907898
  },
  "test": {
    "qini": 0.39636510610580444,
    "auuc": 5675.748357756443,
    "lift@30": 5463.77685546875,
    "pehe": 5.495405673980713,
    "ate": 1.407596230506897
  }
}