{
  "tag": "cora_full/pact_nogpe__rho15__seed3",
  "config": "pact/configs/server/cora_full.yaml",
  "learner": "pact",
  "rho": 15.0,
  "seed": 3,
  "no_gpe": true,
  "community_detection": null,
  "epoch": 70,
  "val": {
    "qini": 0.45114144682884216,
    "auuc": 6075.124526395554,
    "lift@30": 6242.86181640625,
    "pehe": 4.064860820770264,
    "ate": 1.1258435249328613
  },
  "test": {
    "qini": 0.40327590703964233,
    "auuc": 5908.577564426478,
    "lift@30": 5478.76513671875,
    "pehe": 3.9232749938964844,
    "ate": 1.1339932680130005
  }
}