{
  "tag": "cora_full/pact_nogpe__rho20__seed0",
  "config": "pact/configs/server/cora_full.yaml",
  "learner": "pact",
  "rho": 20.0,
  "seed": 0,
  "no_gpe": true,
  "community_detection": null,
  "epoch": 60,
  "val": {
    "qini": 0.4170491397380829,
    "auuc": 6024.987623137155,
    "lift@30": 5912.5927734375,
    "pehe": 3.560089349746704,
    "ate": 0.4740637540817261
  },
  "test": {
    "qini": 0.43758657574653625,
    "auuc": 6182.850934815563,
    "lift@30": 6070.97802734375,
    "pehe": 3.891728401184082,
    "ate": 0.45775139331817627
  }
}