{
  "tag": "cora_full/pact__rho15__seed3",
  "config": "pact/configs/server/cora_full.yaml",
  "learner": "pact",
  "rho": 15.0,
  "seed": 3,
  "no_gpe": false,
  "community_detection": null,
  "epoch": 60,
  "val": {
    "qini": 0.46163251996040344,
    "auuc": 6137.61000252589,
    "lift@30": 6070.40283203125,
    "pehe": 3.11738920211792,
    "ate": 0.5884741544723511
  },
  "test": {
    "qini": 0.43150195479393005,
    "auuc": 6087.382516422435,
    "lift@30": 6034.51220703125,
    "pehe": 3.171670913696289,
    "ate": 0.6242148876190186
  }
}