{
  "tag": "cora_full/pact__rho20__seed4",
  "config": "pact/configs/server/cora_full.yaml",
  "learner": "pact",
  "rho": 20.0,
  "seed": 4,
  "no_gpe": false,
  "community_detection": null,
  "epoch": 60,
  "val": {
    "qini": 0.45637747645378113,
    "auuc": 5460.738570346047,
    "lift@30": 5394.16015625,
    "pehe": 3.1890976428985596,
    "ate": 0.049265265464782715
  },
  "test": {
    "qini": 0.4688481092453003,
    "auuc": 6106.425467407782,
    "lift@30": 6030.37841796875,
    "pehe": 3.212603807449341,
    "ate": 0.01157236099243164
  }
}