{
  "tag": "cora_full/pact__rho20__seed2",
  "config": "pact/configs/server/cora_full.yaml",
  "learner": "pact",
  "rho": 20.0,
  "seed": 2,
  "no_gpe": false,
  "community_detection": null,
  "epoch": 50,
  "val": {
    "qini": 0.4481349587440491,
    "auuc": 6679.190704723415,
    "lift@30": 6543.9365234375,
    "pehe": 3.5974442958831787,
    "ate": 1.6033155918121338
  },
  "test": {
    "qini": 0.4775691628456116,
    "auuc": 6609.503284487115,
    "lift@30": 6452.47265625,
    "pehe": 3.6807806491851807,
    "ate": 1.6560016870498657
  }
}