{
  "tag": "cora_full/pact__rho20__seed0",
  "config": "pact/configs/server/cora_full.yaml",
  "learner": "pact",
  "rho": 20.0,
  "seed": 0,
  "no_gpe": false,
  "community_detection": null,
  "epoch": 50,
  "val": {
    "qini": 0.42946499586105347,
    "auuc": 6105.395807021975,
    "lift@30": 6038.08984375,
    "pehe": 4.290287017822266,
    "ate": 0.6830213665962219
  },
  "test": {
    "qini": 0.43242236971855164,
    "auuc": 6151.079838302173,
    "lift@30": 6047.76904296875,
    "pehe": 4.8870368003845215,
    "ate": 0.5760046243667603
  }
}