{
  "tag": "cora_full/pact_nogpe__rho20__seed3",
  "config": "pact/configs/server/cora_full.yaml",
  "learner": "pact",
  "rho": 20.0,
  "seed": 3,
  "no_gpe": true,
  "community_detection": null,
  "epoch": 40,
  "val": {
    "qini": 0.40219148993492126,
    "auuc": 6083.147259408942,
    "lift@30": 5837.6181640625,
    "pehe": 3.212878704071045,
    "ate": 0.05486130714416504
  },
  "test": {
    "qini": 0.383686363697052,
    "auuc": 5777.917635169278,
    "lift@30": 5393.38427734375,
    "pehe": 3.405895948410034,
    "ate": 0.18149566650390625
  }
}