{
  "tag": "cora_full/pact_nogpe__rho15__seed4",
  "config": "pact/configs/server/cora_full.yaml",
  "learner": "pact",
  "rho": 15.0,
  "seed": 4,
  "no_gpe": true,
  "community_detection": null,
  "epoch": 50,
  "val": {
    "qini": 0.4872828423976898,
    "auuc": 5890.15812073756,
    "lift@30": 5905.27880859375,
    "pehe": 3.2837610244750977,
    "ate": 0.9764784574508667
  },
  "test": {
    "qini": 0.4755576252937317,
    "auuc": 6119.351187468418,
    "lift@30": 5845.78466796875,
    "pehe": 3.287947177886963,
    "ate": 0.944391131401062
  }
}