{
  "tag": "cora_full/pact_nogpe__rho20__seed4",
  "config": "pact/configs/server/cora_full.yaml",
  "learner": "pact",
  "rho": 20.0,
  "seed": 4,
  "no_gpe": true,
  "community_detection": null,
  "epoch": 70,
  "val": {
    "qini": 0.4537911117076874,
    "auuc": 5446.645112402121,
    "lift@30": 5513.8291015625,
    "pehe": 3.181116819381714,
    "ate": 0.08754205703735352
  },
  "test": {
    "qini": 0.4498714804649353,
    "auuc": 5993.66649823143,
    "lift@30": 5617.98388671875,
    "pehe": 3.2593350410461426,
    "ate": 0.08782768249511719
  }
}