{
  "tag": "cora_full/tarnet_gpe__rho15__seed1",
  "config": "pact/configs/server/cora_full.yaml",
  "learner": "tarnet",
  "rho": 15.0,
  "seed": 1,
  "no_gpe": false,
  "community_detection": null,
  "epoch": 30,
  "val": {
    "qini": 0.471849262714386,
    "auuc": 5902.9522606718865,
    "lift@30": 5745.5341796875,
    "pehe": 3.9518723487854004,
    "ate": 1.6828680038452148
  },
  "test": {
    "qini": 0.43677565455436707,
    "auuc": 5737.981303688732,
    "lift@30": 5604.4873046875,
    "pehe": 3.978835344314575,
    "ate": 1.7147883176803589
  }
}