{
  "tag": "cora_full/tarnet_gpe__rho15__seed2",
  "config": "pact/configs/server/cora_full.yaml",
  "learner": "tarnet",
  "rho": 15.0,
  "seed": 2,
  "no_gpe": false,
  "community_detection": null,
  "epoch": 30,
  "val": {
    "qini": 0.42640745639801025,
    "auuc": 6565.3953018439,
    "lift@30": 6470.875,
    "pehe": 5.491096019744873,
    "ate": 4.142205715179443
  },
  "test": {
    "qini": 0.398460328578949,
    "auuc": 6180.023244062658,
    "lift@30": 5870.068359375,
    "pehe": 5.511786460876465,
    "ate": 4.199583053588867
  }
}