{
  "tag": "cora_full/tarnet__rho15__seed1",
  "config": "pact/configs/server/cora_full.yaml",
  "learner": "tarnet",
  "rho": 15.0,
  "seed": 1,
  "no_gpe": true,
  "community_detection": null,
  "epoch": 30,
  "val": {
    "qini": 0.4546072781085968,
    "auuc": 5804.356655721142,
    "lift@30": 5614.4619140625,
    "pehe": 4.350767135620117,
    "ate": 1.5357177257537842
  },
  "test": {
    "qini": 0.41841360926628113,
    "auuc": 5632.039919151086,
    "lift@30": 5290.2607421875,
    "pehe": 4.478660583496094,
    "ate": 1.6961408853530884
  }
}