{
  "tag": "cora_full/tarnet_gpe__rho20__seed4",
  "config": "pact/configs/server/cora_full.yaml",
  "learner": "tarnet",
  "rho": 20.0,
  "seed": 4,
  "no_gpe": false,
  "community_detection": null,
  "epoch": 30,
  "val": {
    "qini": 0.45175302028656006,
    "auuc": 5435.534225814599,
    "lift@30": 5433.4482421875,
    "pehe": 3.882464647293091,
    "ate": 1.1454710960388184
  },
  "test": {
    "qini": 0.4747602641582489,
    "auuc": 6141.55128852956,
    "lift@30": 6012.9521484375,
    "pehe": 3.9816226959228516,
    "ate": 1.049540400505066
  }
}