{
  "tag": "cora_full/tarnet_gpe__rho15__seed0",
  "config": "pact/configs/server/cora_full.yaml",
  "learner": "tarnet",
  "rho": 15.0,
  "seed": 0,
  "no_gpe": false,
  "community_detection": null,
  "epoch": 40,
  "val": {
    "qini": 0.539077639579773,
    "auuc": 6202.768375852488,
    "lift@30": 5859.33642578125,
    "pehe": 3.160634994506836,
    "ate": 0.3901561498641968
  },
  "test": {
    "qini": 0.5632827281951904,
    "auuc": 6754.409802930773,
    "lift@30": 6611.7353515625,
    "pehe": 3.5015459060668945,
    "ate": 0.4295670986175537
  }
}