{
  "tag": "cora_full/tarnet__rho20__seed3",
  "config": "pact/configs/server/cora_full.yaml",
  "learner": "tarnet",
  "rho": 20.0,
  "seed": 3,
  "no_gpe": true,
  "community_detection": null,
  "epoch": 30,
  "val": {
    "qini": 0.3890889286994934,
    "auuc": 5998.155089669109,
    "lift@30": 5761.951171875,
    "pehe": 5.266529083251953,
    "ate": 2.3519644737243652
  },
  "test": {
    "qini": 0.34786146879196167,
    "auuc": 5552.00151591713,
    "lift@30": 5000.755859375,
    "pehe": 5.372690677642822,
    "ate": 2.1718854904174805
  }
}