{
  "tag": "cora_full/tarnet__rho20__seed2",
  "config": "pact/configs/server/cora_full.yaml",
  "learner": "tarnet",
  "rho": 20.0,
  "seed": 2,
  "no_gpe": true,
  "community_detection": null,
  "epoch": 30,
  "val": {
    "qini": 0.40313106775283813,
    "auuc": 6381.06087395807,
    "lift@30": 6217.16796875,
    "pehe": 3.8289055824279785,
    "ate": 0.3238719701766968
  },
  "test": {
    "qini": 0.43449491262435913,
    "auuc": 6338.806973218798,
    "lift@30": 5929.0751953125,
    "pehe": 3.6925418376922607,
    "ate": 0.20117294788360596
  }
}