{
  "tag": "cora_full/tarnet__rho15__seed0",
  "config": "pact/configs/server/cora_full.yaml",
  "learner": "tarnet",
  "rho": 15.0,
  "seed": 0,
  "no_gpe": true,
  "community_detection": null,
  "epoch": 30,
  "val": {
    "qini": 0.5118362903594971,
    "auuc": 6064.239454407679,
    "lift@30": 5695.05615234375,
    "pehe": 3.011603832244873,
    "ate": 0.12941312789916992
  },
  "test": {
    "qini": 0.5420727133750916,
    "auuc": 6638.610914603335,
    "lift@30": 6490.66455078125,
    "pehe": 3.3936102390289307,
    "ate": 0.015124201774597168
  }
}