{
  "tag": "cora_full/x__rho15__seed2",
  "config": "pact/configs/server/cora_full.yaml",
  "learner": "x",
  "rho": 15.0,
  "seed": 2,
  "no_gpe": true,
  "community_detection": null,
  "epoch": 30,
  "val": {
    "qini": 0.43171611428260803,
    "auuc": 6600.227835311947,
    "lift@30": 6156.03271484375,
    "pehe": 3.5577075481414795,
    "ate": 0.2525738477706909
  },
  "test": {
    "qini": 0.3802148401737213,
    "auuc": 6063.379484588176,
    "lift@30": 5661.79248046875,
    "pehe": 3.5338237285614014,
    "ate": 0.26894235610961914
  }
}