{
  "tag": "cora_full/x__rho15__seed4",
  "config": "pact/configs/server/cora_full.yaml",
  "learner": "x",
  "rho": 15.0,
  "seed": 4,
  "no_gpe": true,
  "community_detection": null,
  "epoch": 40,
  "val": {
    "qini": 0.46204233169555664,
    "auuc": 5754.519828239454,
    "lift@30": 5726.85498046875,
    "pehe": 3.2002437114715576,
    "ate": 0.2332078218460083
  },
  "test": {
    "qini": 0.4590272903442383,
    "auuc": 6027.00656897423,
    "lift@30": 5766.28173828125,
    "pehe": 3.2492237091064453,
    "ate": 0.2612888813018799
  }
}