{
  "tag": "cora_full/x__rho20__seed4",
  "config": "pact/configs/server/cora_full.yaml",
  "learner": "x",
  "rho": 20.0,
  "seed": 4,
  "no_gpe": true,
  "community_detection": null,
  "epoch": 50,
  "val": {
    "qini": 0.4168086051940918,
    "auuc": 5245.090174286436,
    "lift@30": 5266.71826171875,
    "pehe": 4.335626125335693,
    "ate": 0.8615223169326782
  },
  "test": {
    "qini": 0.41712409257888794,
    "auuc": 5799.092470944922,
    "lift@30": 5384.9326171875,
    "pehe": 4.36922550201416,
    "ate": 0.8949341773986816
  }
}