{
  "tag": "cora_full/x__rho20__seed2",
  "config": "pact/configs/server/cora_full.yaml",
  "learner": "x",
  "rho": 20.0,
  "seed": 2,
  "no_gpe": true,
  "community_detection": null,
  "epoch": 30,
  "val": {
    "qini": 0.4068486988544464,
    "auuc": 6405.6862844152565,
    "lift@30": 6136.451171875,
    "pehe": 3.611523389816284,
    "ate": 0.6022021770477295
  },
  "test": {
    "qini": 0.44989821314811707,
    "auuc": 6435.606872157656,
    "lift@30": 6326.8173828125,
    "pehe": 3.5956554412841797,
    "ate": 0.7310115098953247
  }
}