{
  "tag": "cora_full/x__rho20__seed0",
  "config": "pact/configs/server/cora_full.yaml",
  "learner": "x",
  "rho": 20.0,
  "seed": 0,
  "no_gpe": true,
  "community_detection": null,
  "epoch": 50,
  "val": {
    "qini": 0.4024970829486847,
    "auuc": 5930.742106592574,
    "lift@30": 5751.275390625,
    "pehe": 4.758981704711914,
    "ate": 2.8102774620056152
  },
  "test": {
    "qini": 0.42126381397247314,
    "auuc": 6082.428499242042,
    "lift@30": 5902.9345703125,
    "pehe": 5.1406073570251465,
    "ate": 2.77531099319458
  }
}