{
  "tag": "cora_full/x_gpe__rho15__seed2",
  "config": "pact/configs/server/cora_full.yaml",
  "learner": "x",
  "rho": 15.0,
  "seed": 2,
  "no_gpe": false,
  "community_detection": null,
  "epoch": 40,
  "val": {
    "qini": 0.4387952387332916,
    "auuc": 6646.67845415509,
    "lift@30": 6500.3818359375,
    "pehe": 3.8694934844970703,
    "ate": 0.5985430479049683
  },
  "test": {
    "qini": 0.3904273509979248,
    "auuc": 6128.668014148559,
    "lift@30": 5889.794921875,
    "pehe": 3.801117420196533,
    "ate": 0.5971473455429077
  }
}