{
  "tag": "cora_full/x_gpe__rho20__seed4",
  "config": "pact/configs/server/cora_full.yaml",
  "learner": "x",
  "rho": 20.0,
  "seed": 4,
  "no_gpe": false,
  "community_detection": null,
  "epoch": 40,
  "val": {
    "qini": 0.4645287096500397,
    "auuc": 5505.159888860823,
    "lift@30": 5488.541015625,
    "pehe": 4.186059951782227,
    "ate": 1.5415548086166382
  },
  "test": {
    "qini": 0.4646866023540497,
    "auuc": 6081.696816574027,
    "lift@30": 5909.1748046875,
    "pehe": 4.294849395751953,
    "ate": 1.6149096488952637
  }
}