{
  "tag": "cora_full/x_gpe__rho20__seed2",
  "config": "pact/configs/server/cora_full.yaml",
  "learner": "x",
  "rho": 20.0,
  "seed": 2,
  "no_gpe": false,
  "community_detection": null,
  "epoch": 30,
  "val": {
    "qini": 0.43786075711250305,
    "auuc": 6611.130588532457,
    "lift@30": 6373.7548828125,
    "pehe": 3.2371838092803955,
    "ate": 0.8915585279464722
  },
  "test": {
    "qini": 0.463956356048584,
    "auuc": 6523.955027791814,
    "lift@30": 6507.77001953125,
    "pehe": 3.2130870819091797,
    "ate": 0.7817575931549072
  }
}