{
  "tag": "cora_full/x_gpe__rho15__seed4",
  "config": "pact/configs/server/cora_full.yaml",
  "learner": "x",
  "rho": 15.0,
  "seed": 4,
  "no_gpe": false,
  "community_detection": null,
  "epoch": 40,
  "val": {
    "qini": 0.5006360411643982,
    "auuc": 5961.914624905279,
    "lift@30": 6085.67578125,
    "pehe": 2.945011615753174,
    "ate": 0.06253254413604736
  },
  "test": {
    "qini": 0.48989564180374146,
    "auuc": 6199.446184941889,
    "lift@30": 6035.96728515625,
    "pehe": 2.95868182182312,
    "ate": 0.10483944416046143
  }
}