{
  "tag": "dblp/gdc__rho15__seed0",
  "config": "pact/configs/server/dblp.yaml",
  "learner": "gdc",
  "rho": 15.0,
  "seed": 0,
  "no_gpe": true,
  "community_detection": null,
  "epoch": 50,
  "val": {
    "qini": 0.49387869238853455,
    "auuc": 4823.001411233418,
    "lift@30": 4798.0302734375,
    "pehe": 3.3378591537475586,
    "ate": 1.0625478029251099
  },
  "test": {
    "qini": 0.5158380270004272,
    "auuc": 4852.690375388089,
    "lift@30": 5038.0966796875,
    "pehe": 3.320401191711426,
    "ate": 1.0588726997375488
  }
}