{
  "tag": "dblp/gdc__rho15__seed1",
  "config": "pact/configs/server/dblp.yaml",
  "learner": "gdc",
  "rho": 15.0,
  "seed": 1,
  "no_gpe": true,
  "community_detection": null,
  "epoch": 70,
  "val": {
    "qini": 0.39938920736312866,
    "auuc": 4618.956534010726,
    "lift@30": 4679.34521484375,
    "pehe": 3.5922553539276123,
    "ate": 0.0646134614944458
  },
  "test": {
    "qini": 0.4126724898815155,
    "auuc": 4642.779565340107,
    "lift@30": 4822.96044921875,
    "pehe": 3.623825788497925,
    "ate": 0.21189212799072266
  }
}