{
  "tag": "dblp/gdc_gpe__rho20__seed2",
  "config": "pact/configs/server/dblp.yaml",
  "learner": "gdc",
  "rho": 20.0,
  "seed": 2,
  "no_gpe": false,
  "community_detection": null,
  "epoch": 40,
  "val": {
    "qini": 0.39126384258270264,
    "auuc": 5090.496189669771,
    "lift@30": 5170.64501953125,
    "pehe": 3.4296817779541016,
    "ate": 0.5760568380355835
  },
  "test": {
    "qini": 0.37280213832855225,
    "auuc": 5325.231724527237,
    "lift@30": 5611.697265625,
    "pehe": 3.4952120780944824,
    "ate": 0.704438328742981
  }
}