{
  "tag": "dblp/gdc__rho15__seed3",
  "config": "pact/configs/server/dblp.yaml",
  "learner": "gdc",
  "rho": 15.0,
  "seed": 3,
  "no_gpe": true,
  "community_detection": null,
  "epoch": 50,
  "val": {
    "qini": 0.5033127665519714,
    "auuc": 4707.390064916737,
    "lift@30": 4844.7412109375,
    "pehe": 3.677929401397705,
    "ate": 1.588846206665039
  },
  "test": {
    "qini": 0.5242546200752258,
    "auuc": 5134.214507479537,
    "lift@30": 5565.1630859375,
    "pehe": 3.8237380981445312,
    "ate": 1.527103066444397
  }
}