{
  "tag": "dblp/gial__rho20__seed2",
  "config": "pact/configs/server/dblp.yaml",
  "learner": "gial",
  "rho": 20.0,
  "seed": 2,
  "no_gpe": true,
  "community_detection": null,
  "epoch": 40,
  "val": {
    "qini": 0.30544763803482056,
    "auuc": 4570.414338131527,
    "lift@30": 4228.0751953125,
    "pehe": 4.311849117279053,
    "ate": 1.7978435754776
  },
  "test": {
    "qini": 0.32001161575317383,
    "auuc": 4990.436353372848,
    "lift@30": 4784.70703125,
    "pehe": 4.293133735656738,
    "ate": 1.8082412481307983
  }
}