{
  "tag": "cora_full/gdc__rho15__seed3",
  "config": "pact/configs/server/cora_full.yaml",
  "learner": "gdc",
  "rho": 15.0,
  "seed": 3,
  "no_gpe": true,
  "community_detection": null,
  "epoch": 40,
  "val": {
    "qini": 0.4155430495738983,
    "auuc": 5863.080575903005,
    "lift@30": 5583.30029296875,
    "pehe": 4.105511665344238,
    "ate": 1.6435258388519287
  },
  "test": {
    "qini": 0.3776635229587555,
    "auuc": 5746.326932794341,
    "lift@30": 5282.6083984375,
    "pehe": 4.210148334503174,
    "ate": 1.5906544923782349
  }
}