{
  "tag": "cora_full/gdc_gpe__rho20__seed3",
  "config": "pact/configs/server/cora_full.yaml",
  "learner": "gdc",
  "rho": 20.0,
  "seed": 3,
  "no_gpe": false,
  "community_detection": null,
  "epoch": 40,
  "val": {
    "qini": 0.42910534143447876,
    "auuc": 6257.727709017428,
    "lift@30": 6636.68017578125,
    "pehe": 3.8478081226348877,
    "ate": 1.1259559392929077
  },
  "test": {
    "qini": 0.39917683601379395,
    "auuc": 5875.602324406266,
    "lift@30": 5902.3857421875,
    "pehe": 4.241713523864746,
    "ate": 1.0839768648147583
  }
}