{
  "tag": "cora_full/gdc__rho15__seed0",
  "config": "pact/configs/server/cora_full.yaml",
  "learner": "gdc",
  "rho": 15.0,
  "seed": 0,
  "no_gpe": true,
  "community_detection": null,
  "epoch": 90,
  "val": {
    "qini": 0.5065991282463074,
    "auuc": 6037.603435210912,
    "lift@30": 5751.845703125,
    "pehe": 3.646204710006714,
    "ate": 0.009403705596923828
  },
  "test": {
    "qini": 0.5060936212539673,
    "auuc": 6442.178372915614,
    "lift@30": 6247.3681640625,
    "pehe": 4.038373947143555,
    "ate": 0.13680243492126465
  }
}