{
  "tag": "cora_full/gial_gpe__rho15__seed3",
  "config": "pact/configs/server/cora_full.yaml",
  "learner": "gial",
  "rho": 15.0,
  "seed": 3,
  "no_gpe": false,
  "community_detection": null,
  "epoch": 90,
  "val": {
    "qini": 0.361222505569458,
    "auuc": 5539.523111896944,
    "lift@30": 4995.79296875,
    "pehe": 5.083799362182617,
    "ate": 2.6379127502441406
  },
  "test": {
    "qini": 0.3077559471130371,
    "auuc": 5303.480545730166,
    "lift@30": 4558.0146484375,
    "pehe": 5.156066417694092,
    "ate": 2.679769515991211
  }
}