{
  "tag": "cora_full/gial_gpe__rho15__seed1",
  "config": "pact/configs/server/cora_full.yaml",
  "learner": "gial",
  "rho": 15.0,
  "seed": 1,
  "no_gpe": false,
  "community_detection": null,
  "epoch": 70,
  "val": {
    "qini": 0.3636321425437927,
    "auuc": 5284.112149532711,
    "lift@30": 4909.85205078125,
    "pehe": 4.866848468780518,
    "ate": 2.03706431388855
  },
  "test": {
    "qini": 0.3401825726032257,
    "auuc": 5180.689236988378,
    "lift@30": 4747.103515625,
    "pehe": 4.718127250671387,
    "ate": 2.0827436447143555
  }
}