{
  "tag": "cora_full/gial__rho20__seed4",
  "config": "pact/configs/server/cora_full.yaml",
  "learner": "gial",
  "rho": 20.0,
  "seed": 4,
  "no_gpe": true,
  "community_detection": null,
  "epoch": 40,
  "val": {
    "qini": 0.3259284496307373,
    "auuc": 4749.797928769892,
    "lift@30": 4462.38671875,
    "pehe": 5.035521030426025,
    "ate": 2.7184252738952637
  },
  "test": {
    "qini": 0.29832836985588074,
    "auuc": 5093.231430015159,
    "lift@30": 4547.65771484375,
    "pehe": 5.384888172149658,
    "ate": 2.4980316162109375
  }
}