{
  "tag": "cora_full/gial_gpe__rho15__seed0",
  "config": "pact/configs/server/cora_full.yaml",
  "learner": "gial",
  "rho": 15.0,
  "seed": 0,
  "no_gpe": false,
  "community_detection": null,
  "epoch": 100,
  "val": {
    "qini": 0.4056136906147003,
    "auuc": 5524.0692093963125,
    "lift@30": 4962.5400390625,
    "pehe": 4.974055767059326,
    "ate": 1.777086853981018
  },
  "test": {
    "qini": 0.4143206477165222,
    "auuc": 5941.137443153108,
    "lift@30": 5253.53076171875,
    "pehe": 5.261234283447266,
    "ate": 1.7046642303466797
  }
}