{
  "tag": "cora_full/gial__rho20__seed2",
  "config": "pact/configs/server/cora_full.yaml",
  "learner": "gial",
  "rho": 20.0,
  "seed": 2,
  "no_gpe": true,
  "community_detection": null,
  "epoch": 110,
  "val": {
    "qini": 0.31959736347198486,
    "auuc": 5827.681737812579,
    "lift@30": 5229.2431640625,
    "pehe": 4.971959590911865,
    "ate": 1.9196066856384277
  },
  "test": {
    "qini": 0.36725571751594543,
    "auuc": 5916.243557352198,
    "lift@30": 5343.79296875,
    "pehe": 6.781261920928955,
    "ate": 2.297764778137207
  }
}