{
  "tag": "cora_full/gial__rho15__seed0",
  "config": "pact/configs/server/cora_full.yaml",
  "learner": "gial",
  "rho": 15.0,
  "seed": 0,
  "no_gpe": true,
  "community_detection": null,
  "epoch": 60,
  "val": {
    "qini": 0.3890496790409088,
    "auuc": 5439.8378378378375,
    "lift@30": 5054.79443359375,
    "pehe": 5.129222869873047,
    "ate": 2.214160442352295
  },
  "test": {
    "qini": 0.37685784697532654,
    "auuc": 5736.605356240526,
    "lift@30": 5238.58837890625,
    "pehe": 5.5464019775390625,
    "ate": 2.1848928928375244
  }
}