{
  "tag": "cora_full/gnum_gpe__rho20__seed2",
  "config": "pact/configs/server/cora_full.yaml",
  "learner": "gnum",
  "rho": 20.0,
  "seed": 2,
  "no_gpe": false,
  "community_detection": null,
  "epoch": 70,
  "val": {
    "qini": 0.34470516443252563,
    "auuc": 5994.010103561505,
    "lift@30": 5434.033203125,
    "pehe": 4.445370674133301,
    "ate": 1.5535141229629517
  },
  "test": {
    "qini": 0.39451149106025696,
    "auuc": 6087.530570995452,
    "lift@30": 5811.0546875,
    "pehe": 4.329458713531494,
    "ate": 1.2952821254730225
  }
}