{
  "tag": "cora_full/gnum__rho15__seed2",
  "config": "pact/configs/server/cora_full.yaml",
  "learner": "gnum",
  "rho": 15.0,
  "seed": 2,
  "no_gpe": true,
  "community_detection": null,
  "epoch": 120,
  "val": {
    "qini": 0.34505927562713623,
    "auuc": 6031.6281889366,
    "lift@30": 5680.1640625,
    "pehe": 6.127387046813965,
    "ate": 1.5962797403335571
  },
  "test": {
    "qini": 0.3153214454650879,
    "auuc": 5648.513390601313,
    "lift@30": 5384.75341796875,
    "pehe": 9.030189514160156,
    "ate": 1.2428383827209473
  }
}