{
  "tag": "cora_full/gnum_gpe__rho15__seed0",
  "config": "pact/configs/server/cora_full.yaml",
  "learner": "gnum",
  "rho": 15.0,
  "seed": 0,
  "no_gpe": false,
  "community_detection": null,
  "epoch": 70,
  "val": {
    "qini": 0.3953472673892975,
    "auuc": 5471.861581207376,
    "lift@30": 4983.1025390625,
    "pehe": 4.9310150146484375,
    "ate": 1.6165200471878052
  },
  "test": {
    "qini": 0.42238280177116394,
    "auuc": 5985.1536129358265,
    "lift@30": 5474.08349609375,
    "pehe": 5.44677734375,
    "ate": 1.6343759298324585
  }
}