{
  "tag": "cora_full/gnum_gpe__rho15__seed3",
  "config": "pact/configs/server/cora_full.yaml",
  "learner": "gnum",
  "rho": 15.0,
  "seed": 3,
  "no_gpe": false,
  "community_detection": null,
  "epoch": 60,
  "val": {
    "qini": 0.36839374899864197,
    "auuc": 5582.240969941905,
    "lift@30": 5278.626953125,
    "pehe": 4.694486618041992,
    "ate": 1.3056892156600952
  },
  "test": {
    "qini": 0.30787962675094604,
    "auuc": 5304.259727134917,
    "lift@30": 4729.703125,
    "pehe": 4.220676422119141,
    "ate": 1.3252172470092773
  }
}