{
  "tag": "cora_full/gnum__rho15__seed3",
  "config": "pact/configs/server/cora_full.yaml",
  "learner": "gnum",
  "rho": 15.0,
  "seed": 3,
  "no_gpe": true,
  "community_detection": null,
  "epoch": 60,
  "val": {
    "qini": 0.3516903221607208,
    "auuc": 5482.745137661025,
    "lift@30": 5504.31103515625,
    "pehe": 4.8581156730651855,
    "ate": 1.6519489288330078
  },
  "test": {
    "qini": 0.29566943645477295,
    "auuc": 5226.914603335018,
    "lift@30": 4655.5009765625,
    "pehe": 4.437914848327637,
    "ate": 1.6882202625274658
  }
}