{
  "tag": "cora_full/gnum__rho15__seed0",
  "config": "pact/configs/server/cora_full.yaml",
  "learner": "gnum",
  "rho": 15.0,
  "seed": 0,
  "no_gpe": true,
  "community_detection": null,
  "epoch": 30,
  "val": {
    "qini": 0.39187708497047424,
    "auuc": 5454.218236928517,
    "lift@30": 5067.3564453125,
    "pehe": 4.937016487121582,
    "ate": 1.5046411752700806
  },
  "test": {
    "qini": 0.3824867308139801,
    "auuc": 5767.337038908539,
    "lift@30": 5092.0654296875,
    "pehe": 5.549473762512207,
    "ate": 1.5225380659103394
  }
}