{
  "tag": "cora_full/gnum__rho20__seed3",
  "config": "pact/configs/server/cora_full.yaml",
  "learner": "gnum",
  "rho": 20.0,
  "seed": 3,
  "no_gpe": true,
  "community_detection": null,
  "epoch": 110,
  "val": {
    "qini": 0.31857380270957947,
    "auuc": 5540.748673907552,
    "lift@30": 5170.9453125,
    "pehe": 4.545685768127441,
    "ate": 1.260434627532959
  },
  "test": {
    "qini": 0.27689361572265625,
    "auuc": 5104.464881253158,
    "lift@30": 4398.84912109375,
    "pehe": 4.547844409942627,
    "ate": 1.276260495185852
  }
}