{
  "tag": "cora_full/gnum_gpe__rho15__seed2",
  "config": "pact/configs/server/cora_full.yaml",
  "learner": "gnum",
  "rho": 15.0,
  "seed": 2,
  "no_gpe": false,
  "community_detection": null,
  "epoch": 140,
  "val": {
    "qini": 0.33709225058555603,
    "auuc": 5979.357413488255,
    "lift@30": 5525.87548828125,
    "pehe": 4.736774921417236,
    "ate": 2.010529041290283
  },
  "test": {
    "qini": 0.31631359457969666,
    "auuc": 5654.855482566953,
    "lift@30": 5246.7666015625,
    "pehe": 5.222992420196533,
    "ate": 1.7081042528152466
  }
}