{
  "tag": "cora_full/netdeconf__rho15__seed2",
  "config": "pact/configs/server/cora_full.yaml",
  "learner": "netdeconf",
  "rho": 15.0,
  "seed": 2,
  "no_gpe": true,
  "community_detection": null,
  "epoch": 150,
  "val": {
    "qini": 0.3674166798591614,
    "auuc": 6178.328870927002,
    "lift@30": 5590.6455078125,
    "pehe": 5.566371440887451,
    "ate": 1.0949114561080933
  },
  "test": {
    "qini": 0.3469690680503845,
    "auuc": 5850.837796867105,
    "lift@30": 5428.36181640625,
    "pehe": 9.114086151123047,
    "ate": 1.4464730024337769
  }
}