{
  "tag": "cora_full/netdeconf__rho15__seed0",
  "config": "pact/configs/server/cora_full.yaml",
  "learner": "netdeconf",
  "rho": 15.0,
  "seed": 0,
  "no_gpe": true,
  "community_detection": null,
  "epoch": 160,
  "val": {
    "qini": 0.4146888256072998,
    "auuc": 5570.219247284668,
    "lift@30": 4859.689453125,
    "pehe": 4.954884052276611,
    "ate": 1.4748204946517944
  },
  "test": {
    "qini": 0.4119272232055664,
    "auuc": 5928.070742799394,
    "lift@30": 5115.6875,
    "pehe": 5.089683532714844,
    "ate": 1.4344959259033203
  }
}