{
  "tag": "cora_full/netdeconf_gpe__rho20__seed3",
  "config": "pact/configs/server/cora_full.yaml",
  "learner": "netdeconf",
  "rho": 20.0,
  "seed": 3,
  "no_gpe": false,
  "community_detection": null,
  "epoch": 110,
  "val": {
    "qini": 0.3296585977077484,
    "auuc": 5612.649153826724,
    "lift@30": 4931.79833984375,
    "pehe": 4.323758125305176,
    "ate": 0.5547391176223755
  },
  "test": {
    "qini": 0.3226809799671173,
    "auuc": 5393.2081859525015,
    "lift@30": 4634.93115234375,
    "pehe": 4.434443950653076,
    "ate": 0.44533979892730713
  }
}