{
  "tag": "cora_full/netdeconf_gpe__rho20__seed4",
  "config": "pact/configs/server/cora_full.yaml",
  "learner": "netdeconf",
  "rho": 20.0,
  "seed": 4,
  "no_gpe": false,
  "community_detection": null,
  "epoch": 80,
  "val": {
    "qini": 0.31317099928855896,
    "auuc": 4680.269765092195,
    "lift@30": 4328.5966796875,
    "pehe": 4.622093677520752,
    "ate": 1.6183642148971558
  },
  "test": {
    "qini": 0.3281523883342743,
    "auuc": 5270.441131884791,
    "lift@30": 4778.69970703125,
    "pehe": 4.452029705047607,
    "ate": 1.3704428672790527
  }
}