{
  "tag": "cora_full/netdeconf_gpe__rho15__seed2",
  "config": "pact/configs/server/cora_full.yaml",
  "learner": "netdeconf",
  "rho": 15.0,
  "seed": 2,
  "no_gpe": false,
  "community_detection": null,
  "epoch": 140,
  "val": {
    "qini": 0.34717297554016113,
    "auuc": 6045.499873705481,
    "lift@30": 5345.015625,
    "pehe": 5.363630771636963,
    "ate": 0.7721964120864868
  },
  "test": {
    "qini": 0.3321200907230377,
    "auuc": 5755.905002526529,
    "lift@30": 5485.01318359375,
    "pehe": 6.578912258148193,
    "ate": 1.0300265550613403
  }
}