{
  "tag": "cora_full/netdeconf_gpe__rho20__seed2",
  "config": "pact/configs/server/cora_full.yaml",
  "learner": "netdeconf",
  "rho": 20.0,
  "seed": 2,
  "no_gpe": false,
  "community_detection": null,
  "epoch": 110,
  "val": {
    "qini": 0.34013959765434265,
    "auuc": 5963.765597373074,
    "lift@30": 5251.287109375,
    "pehe": 4.285376071929932,
    "ate": 0.3622255325317383
  },
  "test": {
    "qini": 0.3794395625591278,
    "auuc": 5992.8135421930265,
    "lift@30": 5408.48974609375,
    "pehe": 4.978882789611816,
    "ate": 0.6551476716995239
  }
}