{
  "tag": "cora_full/netdeconf__rho20__seed2",
  "config": "pact/configs/server/cora_full.yaml",
  "learner": "netdeconf",
  "rho": 20.0,
  "seed": 2,
  "no_gpe": true,
  "community_detection": null,
  "epoch": 150,
  "val": {
    "qini": 0.3661103844642639,
    "auuc": 6135.810053043698,
    "lift@30": 5556.748046875,
    "pehe": 4.570337772369385,
    "ate": 0.8657350540161133
  },
  "test": {
    "qini": 0.3984461724758148,
    "auuc": 6112.259727134917,
    "lift@30": 5681.48583984375,
    "pehe": 6.316340923309326,
    "ate": 1.2322012186050415
  }
}