{
  "tag": "cora_full/netdeconf_gpe__rho15__seed4",
  "config": "pact/configs/server/cora_full.yaml",
  "learner": "netdeconf",
  "rho": 15.0,
  "seed": 4,
  "no_gpe": false,
  "community_detection": null,
  "epoch": 70,
  "val": {
    "qini": 0.3746425211429596,
    "auuc": 5284.851730234908,
    "lift@30": 4884.703125,
    "pehe": 4.295708656311035,
    "ate": 0.675261378288269
  },
  "test": {
    "qini": 0.3717854917049408,
    "auuc": 5539.638201111673,
    "lift@30": 5194.42578125,
    "pehe": 4.693958759307861,
    "ate": 0.4712735414505005
  }
}