{
  "tag": "pubmed/bnn_gpe__rho20__seed2",
  "config": "pact/configs/server/pubmed.yaml",
  "learner": "bnn",
  "rho": 20.0,
  "seed": 2,
  "no_gpe": false,
  "community_detection": null,
  "epoch": 180,
  "val": {
    "qini": 0.3505237400531769,
    "auuc": 6159.8620339842755,
    "lift@30": 5996.421875,
    "pehe": 5.329033374786377,
    "ate": 1.634048342704773
  },
  "test": {
    "qini": 0.3718096613883972,
    "auuc": 6342.277890466531,
    "lift@30": 6326.36962890625,
    "pehe": 5.421158790588379,
    "ate": 1.6996440887451172
  }
}