{
  "tag": "pubmed/bnn__rho15__seed3",
  "config": "pact/configs/server/pubmed.yaml",
  "learner": "bnn",
  "rho": 15.0,
  "seed": 3,
  "no_gpe": true,
  "community_detection": null,
  "epoch": 110,
  "val": {
    "qini": 0.3813871741294861,
    "auuc": 6787.878265280244,
    "lift@30": 7059.056640625,
    "pehe": 5.475938320159912,
    "ate": 1.4807931184768677
  },
  "test": {
    "qini": 0.34981346130371094,
    "auuc": 6680.735294117647,
    "lift@30": 6831.353515625,
    "pehe": 5.34683084487915,
    "ate": 1.585063099861145
  }
}