{
  "tag": "pubmed/pact_nogpe__rho15__seed1",
  "config": "pact/configs/server/pubmed.yaml",
  "learner": "pact",
  "rho": 15.0,
  "seed": 1,
  "no_gpe": true,
  "community_detection": null,
  "epoch": 30,
  "val": {
    "qini": 0.5230632424354553,
    "auuc": 7204.764392594471,
    "lift@30": 7125.78955078125,
    "pehe": 3.4421486854553223,
    "ate": 0.9932342767715454
  },
  "test": {
    "qini": 0.46321558952331543,
    "auuc": 6580.206896551724,
    "lift@30": 6453.5791015625,
    "pehe": 3.431727886199951,
    "ate": 0.9057307243347168
  }
}