{
  "tag": "pubmed/pact_nogpe__rho20__seed0",
  "config": "pact/configs/server/pubmed.yaml",
  "learner": "pact",
  "rho": 20.0,
  "seed": 0,
  "no_gpe": true,
  "community_detection": null,
  "epoch": 20,
  "val": {
    "qini": 0.40602222084999084,
    "auuc": 7474.969312706062,
    "lift@30": 7378.416015625,
    "pehe": 3.626206874847412,
    "ate": 0.861151933670044
  },
  "test": {
    "qini": 0.3661254942417145,
    "auuc": 6514.75,
    "lift@30": 6288.150390625,
    "pehe": 3.6723670959472656,
    "ate": 0.8151097297668457
  }
}