{
  "tag": "pubmed/pact_nogpe__rho15__seed3",
  "config": "pact/configs/server/pubmed.yaml",
  "learner": "pact",
  "rho": 15.0,
  "seed": 3,
  "no_gpe": true,
  "community_detection": null,
  "epoch": 20,
  "val": {
    "qini": 0.40519869327545166,
    "auuc": 6964.333756023332,
    "lift@30": 6716.48046875,
    "pehe": 3.653956890106201,
    "ate": 1.2119885683059692
  },
  "test": {
    "qini": 0.4144616425037384,
    "auuc": 7167.375253549696,
    "lift@30": 6945.232421875,
    "pehe": 3.5740253925323486,
    "ate": 1.139422059059143
  }
}