{
  "tag": "pubmed/tarnet_gpe__rho20__seed0",
  "config": "pact/configs/server/pubmed.yaml",
  "learner": "tarnet",
  "rho": 20.0,
  "seed": 0,
  "no_gpe": false,
  "community_detection": null,
  "epoch": 10,
  "val": {
    "qini": 0.397320955991745,
    "auuc": 7403.990362668019,
    "lift@30": 7283.251953125,
    "pehe": 4.825493335723877,
    "ate": 3.1402125358581543
  },
  "test": {
    "qini": 0.3606210947036743,
    "auuc": 6472.310851926978,
    "lift@30": 6428.41455078125,
    "pehe": 4.81611442565918,
    "ate": 3.100036382675171
  }
}