{
  "tag": "pubmed/tarnet_gpe__rho20__seed2",
  "config": "pact/configs/server/pubmed.yaml",
  "learner": "tarnet",
  "rho": 20.0,
  "seed": 2,
  "no_gpe": false,
  "community_detection": null,
  "epoch": 20,
  "val": {
    "qini": 0.38937750458717346,
    "auuc": 6432.921126046158,
    "lift@30": 6236.9453125,
    "pehe": 4.007425785064697,
    "ate": 1.364114761352539
  },
  "test": {
    "qini": 0.4017494022846222,
    "auuc": 6555.362576064908,
    "lift@30": 6460.86279296875,
    "pehe": 4.067831039428711,
    "ate": 1.484169840812683
  }
}