{
  "tag": "pubmed/tarnet_gpe__rho15__seed3",
  "config": "pact/configs/server/pubmed.yaml",
  "learner": "tarnet",
  "rho": 15.0,
  "seed": 3,
  "no_gpe": false,
  "community_detection": null,
  "epoch": 10,
  "val": {
    "qini": 0.401592880487442,
    "auuc": 6937.613999492772,
    "lift@30": 6782.802734375,
    "pehe": 4.016048908233643,
    "ate": 1.0078872442245483
  },
  "test": {
    "qini": 0.3964664340019226,
    "auuc": 7031.91784989858,
    "lift@30": 6793.064453125,
    "pehe": 3.879401922225952,
    "ate": 0.9175316095352173
  }
}