{
  "tag": "pubmed/tarnet_gpe__rho15__seed2",
  "config": "pact/configs/server/pubmed.yaml",
  "learner": "tarnet",
  "rho": 15.0,
  "seed": 2,
  "no_gpe": false,
  "community_detection": null,
  "epoch": 40,
  "val": {
    "qini": 0.5101417303085327,
    "auuc": 6859.482120213036,
    "lift@30": 7024.6025390625,
    "pehe": 3.224679946899414,
    "ate": 0.41604089736938477
  },
  "test": {
    "qini": 0.5109497904777527,
    "auuc": 7140.551724137931,
    "lift@30": 7186.3291015625,
    "pehe": 3.2222349643707275,
    "ate": 0.3492283821105957
  }
}