{
  "tag": "pubmed/tarnet__rho15__seed2",
  "config": "pact/configs/server/pubmed.yaml",
  "learner": "tarnet",
  "rho": 15.0,
  "seed": 2,
  "no_gpe": true,
  "community_detection": null,
  "epoch": 50,
  "val": {
    "qini": 0.48606011271476746,
    "auuc": 6718.643672330712,
    "lift@30": 6561.685546875,
    "pehe": 4.238028049468994,
    "ate": 0.22712600231170654
  },
  "test": {
    "qini": 0.488459050655365,
    "auuc": 6996.612576064908,
    "lift@30": 7030.7470703125,
    "pehe": 4.240603446960449,
    "ate": 0.20237457752227783
  }
}