{
  "tag": "pubmed/x__rho15__seed0",
  "config": "pact/configs/server/pubmed.yaml",
  "learner": "x",
  "rho": 15.0,
  "seed": 0,
  "no_gpe": true,
  "community_detection": null,
  "epoch": 20,
  "val": {
    "qini": 0.46894702315330505,
    "auuc": 7683.9863048440275,
    "lift@30": 7603.02734375,
    "pehe": 3.4005041122436523,
    "ate": 0.8071694374084473
  },
  "test": {
    "qini": 0.43711814284324646,
    "auuc": 6952.464503042596,
    "lift@30": 6761.60546875,
    "pehe": 3.4332447052001953,
    "ate": 0.8056137561798096
  }
}