{
  "tag": "pubmed/x_gpe__rho20__seed2",
  "config": "pact/configs/server/pubmed.yaml",
  "learner": "x",
  "rho": 20.0,
  "seed": 2,
  "no_gpe": false,
  "community_detection": null,
  "epoch": 10,
  "val": {
    "qini": 0.38145124912261963,
    "auuc": 6377.216332741567,
    "lift@30": 6161.1435546875,
    "pehe": 3.9516708850860596,
    "ate": 0.12326908111572266
  },
  "test": {
    "qini": 0.39411842823028564,
    "auuc": 6501.052738336714,
    "lift@30": 6392.60400390625,
    "pehe": 4.006050109863281,
    "ate": 0.12481331825256348
  }
}