{
  "tag": "pubmed/gdc_gpe__rho15__seed4",
  "config": "pact/configs/server/pubmed.yaml",
  "learner": "gdc",
  "rho": 15.0,
  "seed": 4,
  "no_gpe": false,
  "community_detection": null,
  "epoch": 60,
  "val": {
    "qini": 0.5272161364555359,
    "auuc": 7309.996449404007,
    "lift@30": 7380.7470703125,
    "pehe": 2.839505672454834,
    "ate": 0.2258315086364746
  },
  "test": {
    "qini": 0.5121390223503113,
    "auuc": 7021.017241379311,
    "lift@30": 7207.912109375,
    "pehe": 2.8541014194488525,
    "ate": 0.22323930263519287
  }
}