{
  "tag": "pubmed/gial_gpe__rho20__seed0",
  "config": "pact/configs/server/pubmed.yaml",
  "learner": "gial",
  "rho": 20.0,
  "seed": 0,
  "no_gpe": false,
  "community_detection": null,
  "epoch": 30,
  "val": {
    "qini": 0.39557263255119324,
    "auuc": 7389.729647476541,
    "lift@30": 7398.3662109375,
    "pehe": 4.633342742919922,
    "ate": 2.3981714248657227
  },
  "test": {
    "qini": 0.35089993476867676,
    "auuc": 6397.362068965517,
    "lift@30": 6412.56982421875,
    "pehe": 4.722787380218506,
    "ate": 2.3916680812835693
  }
}