{
  "tag": "pubmed/gial_gpe__rho15__seed2",
  "config": "pact/configs/server/pubmed.yaml",
  "learner": "gial",
  "rho": 15.0,
  "seed": 2,
  "no_gpe": false,
  "community_detection": null,
  "epoch": 80,
  "val": {
    "qini": 0.4825798571109772,
    "auuc": 6698.29013441542,
    "lift@30": 6389.79150390625,
    "pehe": 3.204041004180908,
    "ate": 0.4676021337509155
  },
  "test": {
    "qini": 0.4970570206642151,
    "auuc": 7051.6409736308315,
    "lift@30": 7059.63671875,
    "pehe": 3.2018282413482666,
    "ate": 0.4829031229019165
  }
}