{
  "tag": "pubmed/gnum__rho20__seed2",
  "config": "pact/configs/server/pubmed.yaml",
  "learner": "gnum",
  "rho": 20.0,
  "seed": 2,
  "no_gpe": true,
  "community_detection": null,
  "epoch": 40,
  "val": {
    "qini": 0.3788173496723175,
    "auuc": 6358.706568602587,
    "lift@30": 6244.6484375,
    "pehe": 3.99800443649292,
    "ate": 1.4710131883621216
  },
  "test": {
    "qini": 0.3966459035873413,
    "auuc": 6519.037525354969,
    "lift@30": 6464.2099609375,
    "pehe": 4.013655185699463,
    "ate": 1.4503337144851685
  }
}