{
  "tag": "pubmed/gnum__rho15__seed2",
  "config": "pact/configs/server/pubmed.yaml",
  "learner": "gnum",
  "rho": 15.0,
  "seed": 2,
  "no_gpe": true,
  "community_detection": null,
  "epoch": 50,
  "val": {
    "qini": 0.47347715497016907,
    "auuc": 6645.055541465889,
    "lift@30": 6576.8017578125,
    "pehe": 3.99934458732605,
    "ate": 1.5066033601760864
  },
  "test": {
    "qini": 0.4709324836730957,
    "auuc": 6884.440162271805,
    "lift@30": 6861.84228515625,
    "pehe": 4.052950382232666,
    "ate": 1.4925867319107056
  }
}