{
  "tag": "pubmed/netdeconf_gpe__rho20__seed2",
  "config": "pact/configs/server/pubmed.yaml",
  "learner": "netdeconf",
  "rho": 20.0,
  "seed": 2,
  "no_gpe": false,
  "community_detection": null,
  "epoch": 30,
  "val": {
    "qini": 0.38683053851127625,
    "auuc": 6415.023078873954,
    "lift@30": 6419.3447265625,
    "pehe": 4.744671821594238,
    "ate": 2.7400496006011963
  },
  "test": {
    "qini": 0.38796889781951904,
    "auuc": 6457.283975659229,
    "lift@30": 6728.9033203125,
    "pehe": 4.786325931549072,
    "ate": 2.7538275718688965
  }
}