{
  "tag": "pubmed/netdeconf_gpe__rho15__seed3",
  "config": "pact/configs/server/pubmed.yaml",
  "learner": "netdeconf",
  "rho": 15.0,
  "seed": 3,
  "no_gpe": false,
  "community_detection": null,
  "epoch": 30,
  "val": {
    "qini": 0.4024624824523926,
    "auuc": 6944.057316763885,
    "lift@30": 6938.09375,
    "pehe": 4.931577205657959,
    "ate": 2.678741931915283
  },
  "test": {
    "qini": 0.40016910433769226,
    "auuc": 7059.786004056795,
    "lift@30": 6884.71826171875,
    "pehe": 4.741495132446289,
    "ate": 2.5466198921203613
  }
}