{
  "tag": "pubmed/netdeconf_gpe__rho15__seed1",
  "config": "pact/configs/server/pubmed.yaml",
  "learner": "netdeconf",
  "rho": 15.0,
  "seed": 1,
  "no_gpe": false,
  "community_detection": null,
  "epoch": 90,
  "val": {
    "qini": 0.5155625939369202,
    "auuc": 7157.991377124017,
    "lift@30": 7215.56396484375,
    "pehe": 3.4768574237823486,
    "ate": 1.0195106267929077
  },
  "test": {
    "qini": 0.451595276594162,
    "auuc": 6509.580121703854,
    "lift@30": 6187.287109375,
    "pehe": 3.508204698562622,
    "ate": 0.9314327239990234
  }
}