{
  "tag": "pubmed/netdeconf_gpe__rho20__seed4",
  "config": "pact/configs/server/pubmed.yaml",
  "learner": "netdeconf",
  "rho": 20.0,
  "seed": 4,
  "no_gpe": false,
  "community_detection": null,
  "epoch": 70,
  "val": {
    "qini": 0.40328291058540344,
    "auuc": 6363.2198833375605,
    "lift@30": 6270.78662109375,
    "pehe": 3.4035847187042236,
    "ate": 0.2992281913757324
  },
  "test": {
    "qini": 0.42434966564178467,
    "auuc": 6494.142494929006,
    "lift@30": 6648.2431640625,
    "pehe": 3.4006359577178955,
    "ate": 0.3112986087799072
  }
}