{
  "tag": "dblp/tarnet_gpe__rho15__seed3",
  "config": "pact/configs/server/dblp.yaml",
  "learner": "tarnet",
  "rho": 15.0,
  "seed": 3,
  "no_gpe": false,
  "community_detection": null,
  "epoch": 30,
  "val": {
    "qini": 0.5612918138504028,
    "auuc": 4958.94439740333,
    "lift@30": 5500.2646484375,
    "pehe": 2.6788134574890137,
    "ate": 0.30507194995880127
  },
  "test": {
    "qini": 0.5836611986160278,
    "auuc": 5405.160598362969,
    "lift@30": 5894.7607421875,
    "pehe": 2.6836085319519043,
    "ate": 0.2614535093307495
  }
}