{
  "tag": "dblp/x_gpe__rho15__seed4",
  "config": "pact/configs/server/dblp.yaml",
  "learner": "x",
  "rho": 15.0,
  "seed": 4,
  "no_gpe": false,
  "community_detection": null,
  "epoch": 30,
  "val": {
    "qini": 0.536138653755188,
    "auuc": 4989.06971493085,
    "lift@30": 5355.7158203125,
    "pehe": 3.350003480911255,
    "ate": 0.6555272340774536
  },
  "test": {
    "qini": 0.5309209227561951,
    "auuc": 5285.83460344341,
    "lift@30": 5599.7197265625,
    "pehe": 3.187451124191284,
    "ate": 0.7198532223701477
  }
}