{
  "tag": null,
  "config": "pact/configs/server/cora_full.yaml",
  "learner": "gdc",
  "rho": 30.0,
  "seed": 3,
  "no_gpe": false,
  "epoch": 120,
  "val": {
    "qini": 0.3798232674598694,
    "auuc": 6018.277342763324,
    "lift@30": 6875.2490234375,
    "pehe": 3.946413993835449,
    "ate": 0.7125073671340942
  },
  "test": {
    "qini": 0.3517153263092041,
    "auuc": 6220.89085396665,
    "lift@30": 6702.38623046875,
    "pehe": 3.40421724319458,
    "ate": 0.8392789959907532
  }
}