{
  "tag": null,
  "config": "pact/configs/server/cora_full.yaml",
  "learner": "gdc",
  "rho": 30.0,
  "seed": 2,
  "no_gpe": false,
  "epoch": 50,
  "val": {
    "qini": 0.24659617245197296,
    "auuc": 5450.10154079313,
    "lift@30": 5242.46728515625,
    "pehe": 4.6458306312561035,
    "ate": 0.9880334138870239
  },
  "test": {
    "qini": 0.29526227712631226,
    "auuc": 6161.822132390096,
    "lift@30": 5998.6240234375,
    "pehe": 4.9544548988342285,
    "ate": 1.1137994527816772
  }
}