{
  "tag": null,
  "config": "pact/configs/server/cora_full.yaml",
  "learner": "gdc",
  "rho": 30.0,
  "seed": 4,
  "no_gpe": true,
  "epoch": 199,
  "val": {
    "qini": 0.3496040999889374,
    "auuc": 5780.308158625916,
    "lift@30": 5390.3564453125,
    "pehe": 4.940964221954346,
    "ate": 0.8734457492828369
  },
  "test": {
    "qini": 0.29905059933662415,
    "auuc": 6513.733198585144,
    "lift@30": 5898.2529296875,
    "pehe": 5.418918609619141,
    "ate": 0.6733765602111816
  }
}