{
  "tag": null,
  "config": "pact/configs/server/cora_full.yaml",
  "learner": "gdc",
  "rho": 30.0,
  "seed": 4,
  "no_gpe": false,
  "epoch": 50,
  "val": {
    "qini": 0.289874792098999,
    "auuc": 5304.398080323314,
    "lift@30": 5204.00390625,
    "pehe": 5.385519981384277,
    "ate": 1.8898119926452637
  },
  "test": {
    "qini": 0.31599345803260803,
    "auuc": 6663.500757958565,
    "lift@30": 6766.51171875,
    "pehe": 5.699057579040527,
    "ate": 1.851968765258789
  }
}