{
  "tag": null,
  "config": "pact/configs/server/cora_full.yaml",
  "learner": "gdc",
  "rho": 30.0,
  "seed": 4,
  "no_gpe": true,
  "epoch": 40,
  "val": {
    "qini": 0.2826714515686035,
    "auuc": 5246.999747410962,
    "lift@30": 4963.6669921875,
    "pehe": 4.722985744476318,
    "ate": 2.1977720260620117
  },
  "test": {
    "qini": 0.30551281571388245,
    "auuc": 6570.855987872663,
    "lift@30": 5954.8935546875,
    "pehe": 4.6998291015625,
    "ate": 2.1676137447357178
  }
}