{
  "tag": null,
  "config": "pact/configs/server/cora_full.yaml",
  "learner": "gdc",
  "rho": 30.0,
  "seed": 1,
  "no_gpe": false,
  "epoch": 199,
  "val": {
    "qini": 0.3815094232559204,
    "auuc": 6125.78630967416,
    "lift@30": 6666.12255859375,
    "pehe": 4.4985671043396,
    "ate": 1.8046733140945435
  },
  "test": {
    "qini": 0.3081950545310974,
    "auuc": 5688.815058110156,
    "lift@30": 5645.48583984375,
    "pehe": 3.9867613315582275,
    "ate": 1.685503602027893
  }
}