{
  "tag": null,
  "config": "pact/configs/server/cora_full.yaml",
  "learner": "gdc",
  "rho": 30.0,
  "seed": 0,
  "no_gpe": false,
  "epoch": 80,
  "val": {
    "qini": 0.2816402018070221,
    "auuc": 5700.8421318514775,
    "lift@30": 6235.1630859375,
    "pehe": 4.372138500213623,
    "ate": 1.4922019243240356
  },
  "test": {
    "qini": 0.31786251068115234,
    "auuc": 5938.267812026276,
    "lift@30": 6457.990234375,
    "pehe": 5.036377429962158,
    "ate": 1.5844366550445557
  }
}