{
  "tag": null,
  "config": "pact/configs/server/cora_full.yaml",
  "learner": "gdc",
  "rho": 30.0,
  "seed": 2,
  "no_gpe": false,
  "epoch": 90,
  "val": {
    "qini": 0.3695431649684906,
    "auuc": 6570.447587774691,
    "lift@30": 6694.94580078125,
    "pehe": 3.451824426651001,
    "ate": 0.9345205426216125
  },
  "test": {
    "qini": 0.3287830650806427,
    "auuc": 6461.541182415362,
    "lift@30": 7051.06640625,
    "pehe": 3.4762790203094482,
    "ate": 0.8601813316345215
  }
}