{
  "tag": null,
  "config": "pact/configs/server/cora_full.yaml",
  "learner": "gdc",
  "rho": 30.0,
  "seed": 2,
  "no_gpe": true,
  "epoch": 20,
  "val": {
    "qini": 0.22796088457107544,
    "auuc": 5280.284920434453,
    "lift@30": 4995.908203125,
    "pehe": 4.97750997543335,
    "ate": 2.3406548500061035
  },
  "test": {
    "qini": 0.31845760345458984,
    "auuc": 6369.21879737241,
    "lift@30": 6439.18701171875,
    "pehe": 5.064131259918213,
    "ate": 2.594721794128418
  }
}