{
  "tag": null,
  "config": "pact/configs/server/cora_full.yaml",
  "learner": "gdc",
  "rho": 30.0,
  "seed": 4,
  "no_gpe": false,
  "epoch": 120,
  "val": {
    "qini": 0.35708701610565186,
    "auuc": 5839.929275069462,
    "lift@30": 7280.0283203125,
    "pehe": 3.4118599891662598,
    "ate": 0.8501455783843994
  },
  "test": {
    "qini": 0.3412316143512726,
    "auuc": 6886.596766043456,
    "lift@30": 7204.80712890625,
    "pehe": 4.031846523284912,
    "ate": 0.9218059182167053
  }
}