{
  "tag": null,
  "config": "pact/configs/server/cora_full.yaml",
  "learner": "gdc",
  "rho": 30.0,
  "seed": 3,
  "no_gpe": true,
  "epoch": 50,
  "val": {
    "qini": 0.3085307478904724,
    "auuc": 5465.498358171255,
    "lift@30": 5148.818359375,
    "pehe": 4.187379360198975,
    "ate": 0.8710924386978149
  },
  "test": {
    "qini": 0.2904728055000305,
    "auuc": 5739.846892369884,
    "lift@30": 5406.09814453125,
    "pehe": 4.177168369293213,
    "ate": 0.7039237022399902
  }
}