{
  "tag": null,
  "config": "pact/configs/server/cora_full.yaml",
  "learner": "gdc",
  "rho": 30.0,
  "seed": 0,
  "no_gpe": false,
  "epoch": 60,
  "val": {
    "qini": 0.3083132207393646,
    "auuc": 5925.985349835817,
    "lift@30": 5465.44140625,
    "pehe": 7.247640132904053,
    "ate": 0.3326605558395386
  },
  "test": {
    "qini": 0.2947608232498169,
    "auuc": 5744.072764022233,
    "lift@30": 5887.1494140625,
    "pehe": 6.675669193267822,
    "ate": 0.2743947505950928
  }
}