{
  "tag": null,
  "config": "pact/configs/server/cora_full.yaml",
  "learner": "gdc",
  "rho": 30.0,
  "seed": 1,
  "no_gpe": true,
  "epoch": 150,
  "val": {
    "qini": 0.3669740855693817,
    "auuc": 6018.132861833797,
    "lift@30": 7122.6845703125,
    "pehe": 5.43314790725708,
    "ate": 1.0466862916946411
  },
  "test": {
    "qini": 0.30366751551628113,
    "auuc": 5653.337038908539,
    "lift@30": 5961.40380859375,
    "pehe": 5.049172878265381,
    "ate": 1.0212327241897583
  }
}