{
  "tag": null,
  "config": "pact/configs/server/cora_full.yaml",
  "learner": "gdc",
  "rho": 30.0,
  "seed": 3,
  "no_gpe": true,
  "epoch": 10,
  "val": {
    "qini": 0.07827774435281754,
    "auuc": 3680.193988380904,
    "lift@30": 2536.5966796875,
    "pehe": 5.595446586608887,
    "ate": 1.6537410020828247
  },
  "test": {
    "qini": 0.111724853515625,
    "auuc": 4335.821121778676,
    "lift@30": 3350.691650390625,
    "pehe": 5.122942924499512,
    "ate": 1.5913326740264893
  }
}