{
  "tag": null,
  "config": "pact/configs/server/cora_full.yaml",
  "learner": "gdc",
  "rho": 30.0,
  "seed": 0,
  "no_gpe": true,
  "epoch": 130,
  "val": {
    "qini": 0.2770175635814667,
    "auuc": 5661.819651427128,
    "lift@30": 5847.3271484375,
    "pehe": 3.9600982666015625,
    "ate": 0.7087533473968506
  },
  "test": {
    "qini": 0.29280033707618713,
    "auuc": 5727.587670540677,
    "lift@30": 5734.8193359375,
    "pehe": 4.377570629119873,
    "ate": 0.742125928401947
  }
}