{
  "tag": null,
  "config": "pact/configs/server/cora_full.yaml",
  "learner": "gdc",
  "rho": 30.0,
  "seed": 2,
  "no_gpe": true,
  "epoch": 0,
  "val": {
    "qini": 0.08716301620006561,
    "auuc": 3997.277847941399,
    "lift@30": 2636.90283203125,
    "pehe": 5.131429195404053,
    "ate": 1.061089277267456
  },
  "test": {
    "qini": 0.10542243719100952,
    "auuc": 4464.419403739263,
    "lift@30": 3282.4912109375,
    "pehe": 5.2147955894470215,
    "ate": 0.8519026041030884
  }
}