{
  "tag": null,
  "config": "pact/configs/server/cora_full.yaml",
  "learner": "gdc",
  "rho": 30.0,
  "seed": 1,
  "no_gpe": true,
  "epoch": 40,
  "val": {
    "qini": 0.33370858430862427,
    "auuc": 5771.7474109623645,
    "lift@30": 5687.0205078125,
    "pehe": 4.198530673980713,
    "ate": 1.7089022397994995
  },
  "test": {
    "qini": 0.25174784660339355,
    "auuc": 5246.471955533098,
    "lift@30": 5052.70068359375,
    "pehe": 4.429758548736572,
    "ate": 1.7736917734146118
  }
}