{
  "tag": null,
  "config": "pact/configs/server/cora_full.yaml",
  "learner": "gdc",
  "rho": 30.0,
  "seed": 3,
  "no_gpe": false,
  "epoch": 50,
  "val": {
    "qini": 0.33976197242736816,
    "auuc": 5707.6544581965145,
    "lift@30": 5586.09765625,
    "pehe": 4.076831817626953,
    "ate": 1.4467374086380005
  },
  "test": {
    "qini": 0.3387499451637268,
    "auuc": 6119.051541182415,
    "lift@30": 5734.79443359375,
    "pehe": 4.210317611694336,
    "ate": 1.3392996788024902
  }
}