{
  "tag": null,
  "config": "pact/configs/server/cora_full.yaml",
  "learner": "gdc",
  "rho": 30.0,
  "seed": 0,
  "no_gpe": true,
  "epoch": 30,
  "val": {
    "qini": 0.2822093963623047,
    "auuc": 5705.642839100783,
    "lift@30": 5314.865234375,
    "pehe": 4.618099212646484,
    "ate": 2.197159767150879
  },
  "test": {
    "qini": 0.2918654680252075,
    "auuc": 5719.732187973724,
    "lift@30": 5668.70654296875,
    "pehe": 4.847844123840332,
    "ate": 2.2321887016296387
  }
}