{
  "tag": null,
  "config": "pact/configs/server/cora_full.yaml",
  "learner": "gdc",
  "rho": 30.0,
  "seed": 1,
  "no_gpe": false,
  "epoch": 50,
  "val": {
    "qini": 0.34972521662712097,
    "auuc": 5890.374336953776,
    "lift@30": 5555.6171875,
    "pehe": 4.065005302429199,
    "ate": 0.9029854536056519
  },
  "test": {
    "qini": 0.2588367462158203,
    "auuc": 5302.021222839818,
    "lift@30": 5159.98583984375,
    "pehe": 4.1684370040893555,
    "ate": 0.950933575630188
  }
}