{
  "tag": null,
  "config": "pact/configs/server/dblp.yaml",
  "learner": "gdc",
  "rho": 30.0,
  "seed": 1,
  "no_gpe": true,
  "epoch": 60,
  "val": {
    "qini": 0.27032577991485596,
    "auuc": 4909.084391758397,
    "lift@30": 4712.89453125,
    "pehe": 4.101535320281982,
    "ate": 0.14208507537841797
  },
  "test": {
    "qini": 0.28591033816337585,
    "auuc": 4927.529212531753,
    "lift@30": 4862.53125,
    "pehe": 4.068923473358154,
    "ate": 0.14423930644989014
  }
}