{
  "tag": null,
  "config": "pact/configs/server/dblp.yaml",
  "learner": "gdc",
  "rho": 30.0,
  "seed": 1,
  "no_gpe": false,
  "epoch": 140,
  "val": {
    "qini": 0.34785205125808716,
    "auuc": 5484.731018910527,
    "lift@30": 6025.3447265625,
    "pehe": 3.1107845306396484,
    "ate": 0.13547194004058838
  },
  "test": {
    "qini": 0.31778374314308167,
    "auuc": 5171.265029635902,
    "lift@30": 5706.2158203125,
    "pehe": 3.1039421558380127,
    "ate": 0.0913701057434082
  }
}