{
  "tag": null,
  "config": "pact/configs/server/dblp.yaml",
  "learner": "gdc",
  "rho": 30.0,
  "seed": 3,
  "no_gpe": false,
  "epoch": 160,
  "val": {
    "qini": 0.3557894229888916,
    "auuc": 4951.83855489698,
    "lift@30": 5141.9375,
    "pehe": 3.4542253017425537,
    "ate": 0.03532075881958008
  },
  "test": {
    "qini": 0.33726465702056885,
    "auuc": 5025.471634208298,
    "lift@30": 5108.0107421875,
    "pehe": 3.5186374187469482,
    "ate": 0.18616318702697754
  }
}