{
  "tag": null,
  "config": "pact/configs/server/dblp.yaml",
  "learner": "gdc",
  "rho": 30.0,
  "seed": 4,
  "no_gpe": false,
  "epoch": 199,
  "val": {
    "qini": 0.38036033511161804,
    "auuc": 5763.908552074513,
    "lift@30": 6493.23193359375,
    "pehe": 3.3777623176574707,
    "ate": 0.1490800380706787
  },
  "test": {
    "qini": 0.3727094233036041,
    "auuc": 4961.863957098504,
    "lift@30": 5657.69140625,
    "pehe": 3.1190714836120605,
    "ate": 0.24022996425628662
  }
}