{
  "tag": null,
  "config": "pact/configs/server/dblp.yaml",
  "learner": "gdc",
  "rho": 30.0,
  "seed": 1,
  "no_gpe": true,
  "epoch": 20,
  "val": {
    "qini": 0.1611994057893753,
    "auuc": 4098.801016088061,
    "lift@30": 3428.5185546875,
    "pehe": 4.717752456665039,
    "ate": 0.9714745283126831
  },
  "test": {
    "qini": 0.16096921265125275,
    "auuc": 3972.110358453288,
    "lift@30": 3251.6689453125,
    "pehe": 4.917700290679932,
    "ate": 1.0150692462921143
  }
}