{
  "tag": null,
  "config": "pact/configs/server/dblp.yaml",
  "learner": "gdc",
  "rho": 30.0,
  "seed": 4,
  "no_gpe": true,
  "epoch": 50,
  "val": {
    "qini": 0.33286529779434204,
    "auuc": 5423.074230877787,
    "lift@30": 5922.333984375,
    "pehe": 4.10902214050293,
    "ate": 0.12787818908691406
  },
  "test": {
    "qini": 0.2922859191894531,
    "auuc": 4390.0087496471915,
    "lift@30": 4676.755859375,
    "pehe": 4.017416477203369,
    "ate": 0.1000664234161377
  }
}