{
  "tag": null,
  "config": "pact/configs/server/dblp.yaml",
  "learner": "gdc",
  "rho": 30.0,
  "seed": 2,
  "no_gpe": false,
  "epoch": 20,
  "val": {
    "qini": 0.27854084968566895,
    "auuc": 4831.900649167373,
    "lift@30": 4960.5771484375,
    "pehe": 3.745805263519287,
    "ate": 1.575985312461853
  },
  "test": {
    "qini": 0.26851606369018555,
    "auuc": 5148.776178379904,
    "lift@30": 4752.86328125,
    "pehe": 3.757204055786133,
    "ate": 1.581644892692566
  }
}