{
  "tag": null,
  "config": "pact/configs/server/dblp.yaml",
  "learner": "gdc",
  "rho": 30.0,
  "seed": 4,
  "no_gpe": false,
  "epoch": 50,
  "val": {
    "qini": 0.3526008725166321,
    "auuc": 5564.6999717753315,
    "lift@30": 5902.103515625,
    "pehe": 3.8981988430023193,
    "ate": 0.1221919059753418
  },
  "test": {
    "qini": 0.32010892033576965,
    "auuc": 4587.845328817386,
    "lift@30": 5275.2578125,
    "pehe": 3.6876628398895264,
    "ate": 0.1491847038269043
  }
}