{
  "tag": null,
  "config": "pact/configs/server/dblp.yaml",
  "learner": "gdc",
  "rho": 30.0,
  "seed": 1,
  "no_gpe": false,
  "epoch": 40,
  "val": {
    "qini": 0.2940717935562134,
    "auuc": 5085.401072537397,
    "lift@30": 5107.619140625,
    "pehe": 3.5565547943115234,
    "ate": 0.5481065511703491
  },
  "test": {
    "qini": 0.2903035581111908,
    "auuc": 4961.123341800734,
    "lift@30": 4778.93359375,
    "pehe": 3.6153039932250977,
    "ate": 0.6449140310287476
  }
}