{
  "tag": null,
  "config": "pact/configs/server/dblp.yaml",
  "learner": "gdc",
  "rho": 30.0,
  "seed": 2,
  "no_gpe": false,
  "epoch": 80,
  "val": {
    "qini": 0.3423832654953003,
    "auuc": 5321.579452441434,
    "lift@30": 5507.314453125,
    "pehe": 3.13983154296875,
    "ate": 0.15236377716064453
  },
  "test": {
    "qini": 0.26758915185928345,
    "auuc": 5141.120519333897,
    "lift@30": 4749.71826171875,
    "pehe": 3.2024242877960205,
    "ate": 0.14130628108978271
  }
}