{
  "tag": null,
  "config": "pact/configs/server/dblp.yaml",
  "learner": "gdc",
  "rho": 30.0,
  "seed": 0,
  "no_gpe": false,
  "epoch": 20,
  "val": {
    "qini": 0.3147236704826355,
    "auuc": 4960.232571267287,
    "lift@30": 5132.76806640625,
    "pehe": 3.959970712661743,
    "ate": 1.717145323753357
  },
  "test": {
    "qini": 0.2792634665966034,
    "auuc": 4592.331922099916,
    "lift@30": 4320.39453125,
    "pehe": 3.9163894653320312,
    "ate": 1.7612637281417847
  }
}