{
  "tag": null,
  "config": "pact/configs/server/dblp.yaml",
  "learner": "gdc",
  "rho": 30.0,
  "seed": 0,
  "no_gpe": true,
  "epoch": 170,
  "val": {
    "qini": 0.3723679780960083,
    "auuc": 5354.466836014677,
    "lift@30": 6138.4892578125,
    "pehe": 3.239922523498535,
    "ate": 0.6198063492774963
  },
  "test": {
    "qini": 0.37469372153282166,
    "auuc": 5240.5351397121085,
    "lift@30": 5698.46142578125,
    "pehe": 3.1860008239746094,
    "ate": 0.5257718563079834
  }
}