{
  "tag": null,
  "config": "pact/configs/server/dblp.yaml",
  "learner": "gdc",
  "rho": 30.0,
  "seed": 4,
  "no_gpe": true,
  "epoch": 120,
  "val": {
    "qini": 0.36468246579170227,
    "auuc": 5651.40050804403,
    "lift@30": 6350.267578125,
    "pehe": 3.571455717086792,
    "ate": 0.6607424020767212
  },
  "test": {
    "qini": 0.3490872085094452,
    "auuc": 4793.895568727067,
    "lift@30": 5129.80810546875,
    "pehe": 3.288983106613159,
    "ate": 0.6497172713279724
  }
}