{
  "tag": null,
  "config": "pact/configs/server/dblp.yaml",
  "learner": "gdc",
  "rho": 30.0,
  "seed": 2,
  "no_gpe": true,
  "epoch": 20,
  "val": {
    "qini": 0.10883694142103195,
    "auuc": 3530.2540220152414,
    "lift@30": 2459.5419921875,
    "pehe": 4.691429615020752,
    "ate": 0.4123455286026001
  },
  "test": {
    "qini": 0.11689186096191406,
    "auuc": 3896.3756703358736,
    "lift@30": 2883.576171875,
    "pehe": 4.897391319274902,
    "ate": 0.5168083906173706
  }
}