{
  "tag": null,
  "config": "pact/configs/server/dblp.yaml",
  "learner": "gdc",
  "rho": 30.0,
  "seed": 0,
  "no_gpe": false,
  "epoch": 190,
  "val": {
    "qini": 0.3730369508266449,
    "auuc": 5359.038667795653,
    "lift@30": 6202.22705078125,
    "pehe": 3.2041454315185547,
    "ate": 0.10313689708709717
  },
  "test": {
    "qini": 0.36462417244911194,
    "auuc": 5172.137736381597,
    "lift@30": 5645.041015625,
    "pehe": 3.135382890701294,
    "ate": 0.06852364540100098
  }
}