{
  "tag": null,
  "config": "pact/configs/server/dblp.yaml",
  "learner": "gdc",
  "rho": 30.0,
  "seed": 3,
  "no_gpe": true,
  "epoch": 170,
  "val": {
    "qini": 0.35800227522850037,
    "auuc": 4966.6892464013545,
    "lift@30": 5566.29931640625,
    "pehe": 3.0103437900543213,
    "ate": 0.14012837409973145
  },
  "test": {
    "qini": 0.3395409882068634,
    "auuc": 5041.716624329664,
    "lift@30": 5225.7197265625,
    "pehe": 3.0611865520477295,
    "ate": 0.33230358362197876
  }
}