{
  "tag": null,
  "config": "pact/configs/server/dblp.yaml",
  "learner": "gdc",
  "rho": 30.0,
  "seed": 0,
  "no_gpe": true,
  "epoch": 40,
  "val": {
    "qini": 0.2898009419441223,
    "auuc": 4789.783799040361,
    "lift@30": 4966.4091796875,
    "pehe": 4.00895881652832,
    "ate": 1.8926743268966675
  },
  "test": {
    "qini": 0.32115399837493896,
    "auuc": 4876.867626305391,
    "lift@30": 5164.75341796875,
    "pehe": 4.049728870391846,
    "ate": 1.88066828250885
  }
}