{
  "tag": null,
  "config": "pact/configs/server/dblp.yaml",
  "learner": "gdc",
  "rho": 30.0,
  "seed": 2,
  "no_gpe": true,
  "epoch": 30,
  "val": {
    "qini": 0.2461196631193161,
    "auuc": 4583.228337567034,
    "lift@30": 4706.5029296875,
    "pehe": 3.9742794036865234,
    "ate": 2.0696072578430176
  },
  "test": {
    "qini": 0.22120951116085052,
    "auuc": 4758.028789161727,
    "lift@30": 4734.85107421875,
    "pehe": 4.019685745239258,
    "ate": 2.142139434814453
  }
}