{
  "tag": null,
  "config": "pact/configs/server/dblp.yaml",
  "learner": "gdc",
  "rho": 30.0,
  "seed": 3,
  "no_gpe": true,
  "epoch": 40,
  "val": {
    "qini": 0.3169151842594147,
    "auuc": 4690.957380750776,
    "lift@30": 4806.5205078125,
    "pehe": 3.8840980529785156,
    "ate": 1.617983341217041
  },
  "test": {
    "qini": 0.2744654417037964,
    "auuc": 4577.252610781823,
    "lift@30": 4854.2822265625,
    "pehe": 3.9534971714019775,
    "ate": 1.5015864372253418
  }
}