{
  "tag": null,
  "config": "pact/configs/server/dblp.yaml",
  "learner": "gdc",
  "rho": 30.0,
  "seed": 3,
  "no_gpe": false,
  "epoch": 50,
  "val": {
    "qini": 0.31567642092704773,
    "auuc": 4682.644651425346,
    "lift@30": 4909.07861328125,
    "pehe": 4.205085277557373,
    "ate": 0.35564565658569336
  },
  "test": {
    "qini": 0.2825259864330292,
    "auuc": 4634.77900084674,
    "lift@30": 4859.05322265625,
    "pehe": 4.003276348114014,
    "ate": 0.16282880306243896
  }
}