{
  "tag": null,
  "config": "pact/configs/server/pubmed.yaml",
  "learner": "gdc",
  "rho": 30.0,
  "seed": 2,
  "no_gpe": false,
  "epoch": 40,
  "val": {
    "qini": 0.32435867190361023,
    "auuc": 6822.936342886127,
    "lift@30": 7000.73779296875,
    "pehe": 4.325974464416504,
    "ate": 0.666337251663208
  },
  "test": {
    "qini": 0.318326473236084,
    "auuc": 6711.841277890467,
    "lift@30": 6488.41943359375,
    "pehe": 4.313848495483398,
    "ate": 0.8145756721496582
  }
}