{
  "tag": null,
  "config": "pact/configs/server/pubmed.yaml",
  "learner": "gdc",
  "rho": 30.0,
  "seed": 1,
  "no_gpe": true,
  "epoch": 20,
  "val": {
    "qini": 0.32542744278907776,
    "auuc": 6549.972102460056,
    "lift@30": 6533.6806640625,
    "pehe": 5.244792938232422,
    "ate": 2.8303465843200684
  },
  "test": {
    "qini": 0.2581882178783417,
    "auuc": 6002.523833671399,
    "lift@30": 5720.90966796875,
    "pehe": 5.201242446899414,
    "ate": 2.7507424354553223
  }
}