{
  "tag": null,
  "config": "pact/configs/server/pubmed.yaml",
  "learner": "gdc",
  "rho": 30.0,
  "seed": 0,
  "no_gpe": true,
  "epoch": 40,
  "val": {
    "qini": 0.3451448678970337,
    "auuc": 7394.910981486178,
    "lift@30": 7479.494140625,
    "pehe": 4.095794200897217,
    "ate": 1.1178324222564697
  },
  "test": {
    "qini": 0.30996131896972656,
    "auuc": 6440.761156186612,
    "lift@30": 6518.0517578125,
    "pehe": 3.9361636638641357,
    "ate": 0.9936081171035767
  }
}