{
  "tag": null,
  "config": "pact/configs/server/pubmed.yaml",
  "learner": "gdc",
  "rho": 30.0,
  "seed": 1,
  "no_gpe": true,
  "epoch": 70,
  "val": {
    "qini": 0.4016025960445404,
    "auuc": 7261.147349733706,
    "lift@30": 7090.9375,
    "pehe": 3.0326554775238037,
    "ate": 0.9136592745780945
  },
  "test": {
    "qini": 0.3536827862262726,
    "auuc": 6892.105476673428,
    "lift@30": 7330.6923828125,
    "pehe": 3.068997859954834,
    "ate": 0.9471431970596313
  }
}