{
  "tag": null,
  "config": "pact/configs/server/pubmed.yaml",
  "learner": "gdc",
  "rho": 30.0,
  "seed": 3,
  "no_gpe": false,
  "epoch": 30,
  "val": {
    "qini": 0.36006784439086914,
    "auuc": 6946.304336799391,
    "lift@30": 7233.57177734375,
    "pehe": 5.460660934448242,
    "ate": 1.553884506225586
  },
  "test": {
    "qini": 0.356806218624115,
    "auuc": 7404.167342799188,
    "lift@30": 6866.53125,
    "pehe": 5.27794075012207,
    "ate": 1.4417468309402466
  }
}