{
  "tag": null,
  "config": "pact/configs/server/pubmed.yaml",
  "learner": "gdc",
  "rho": 30.0,
  "seed": 4,
  "no_gpe": false,
  "epoch": 80,
  "val": {
    "qini": 0.39208924770355225,
    "auuc": 6821.674866852651,
    "lift@30": 7734.537109375,
    "pehe": 2.990959644317627,
    "ate": 0.9602122902870178
  },
  "test": {
    "qini": 0.39901378750801086,
    "auuc": 6842.5902636916835,
    "lift@30": 7385.5908203125,
    "pehe": 3.010136365890503,
    "ate": 0.9307699203491211
  }
}