{
  "tag": null,
  "config": "pact/configs/server/pubmed.yaml",
  "learner": "gdc",
  "rho": 30.0,
  "seed": 4,
  "no_gpe": true,
  "epoch": 90,
  "val": {
    "qini": 0.3932052254676819,
    "auuc": 6831.576971848846,
    "lift@30": 7497.109375,
    "pehe": 2.844266176223755,
    "ate": 0.5243921279907227
  },
  "test": {
    "qini": 0.4035063683986664,
    "auuc": 6881.242393509127,
    "lift@30": 7594.80078125,
    "pehe": 2.8572325706481934,
    "ate": 0.46898436546325684
  }
}