{
  "tag": null,
  "config": "pact/configs/server/pubmed.yaml",
  "learner": "gdc",
  "rho": 30.0,
  "seed": 1,
  "no_gpe": false,
  "epoch": 199,
  "val": {
    "qini": 0.38438689708709717,
    "auuc": 7100.420999239158,
    "lift@30": 6930.5390625,
    "pehe": 3.352524757385254,
    "ate": 1.2895586490631104
  },
  "test": {
    "qini": 0.29757919907569885,
    "auuc": 6369.471602434077,
    "lift@30": 6626.35400390625,
    "pehe": 3.4457170963287354,
    "ate": 1.3271534442901611
  }
}