{
  "tag": null,
  "config": "pact/configs/server/pubmed.yaml",
  "learner": "gdc",
  "rho": 30.0,
  "seed": 2,
  "no_gpe": false,
  "epoch": 40,
  "val": {
    "qini": 0.3367132544517517,
    "auuc": 6943.0712655338575,
    "lift@30": 6885.67431640625,
    "pehe": 3.021347761154175,
    "ate": 0.1577916145324707
  },
  "test": {
    "qini": 0.2606319785118103,
    "auuc": 6135.447768762678,
    "lift@30": 6909.3759765625,
    "pehe": 2.994105577468872,
    "ate": 0.0419309139251709
  }
}