{
  "tag": null,
  "config": "pact/configs/server/pubmed.yaml",
  "learner": "gdc",
  "rho": 30.0,
  "seed": 4,
  "no_gpe": true,
  "epoch": 40,
  "val": {
    "qini": 0.35461345314979553,
    "auuc": 6489.0621354298755,
    "lift@30": 7243.13232421875,
    "pehe": 4.441903591156006,
    "ate": 1.7089463472366333
  },
  "test": {
    "qini": 0.312098890542984,
    "auuc": 6094.8402636916835,
    "lift@30": 5860.61669921875,
    "pehe": 4.467378616333008,
    "ate": 1.7934417724609375
  }
}