{
  "tag": null,
  "config": "pact/configs/server/pubmed.yaml",
  "learner": "gdc",
  "rho": 30.0,
  "seed": 2,
  "no_gpe": true,
  "epoch": 40,
  "val": {
    "qini": 0.32377195358276367,
    "auuc": 6817.232564037535,
    "lift@30": 7177.025390625,
    "pehe": 3.878398895263672,
    "ate": 0.15696728229522705
  },
  "test": {
    "qini": 0.3014192283153534,
    "auuc": 6542.931034482759,
    "lift@30": 6801.90869140625,
    "pehe": 3.831789970397949,
    "ate": 0.026775240898132324
  }
}