{
  "tag": null,
  "config": "pact/configs/server/pubmed.yaml",
  "learner": "gdc",
  "rho": 30.0,
  "seed": 3,
  "no_gpe": true,
  "epoch": 30,
  "val": {
    "qini": 0.3503885865211487,
    "auuc": 6854.2744103474515,
    "lift@30": 7237.484375,
    "pehe": 4.313484191894531,
    "ate": 2.0634169578552246
  },
  "test": {
    "qini": 0.37590062618255615,
    "auuc": 7580.625253549696,
    "lift@30": 8277.87109375,
    "pehe": 4.151965141296387,
    "ate": 1.947982907295227
  }
}