{
  "tag": null,
  "config": "pact/configs/server/pubmed.yaml",
  "learner": "gdc",
  "rho": 30.0,
  "seed": 3,
  "no_gpe": false,
  "epoch": 50,
  "val": {
    "qini": 0.34617167711257935,
    "auuc": 6814.181587623637,
    "lift@30": 7130.15283203125,
    "pehe": 3.6430611610412598,
    "ate": 0.4212760925292969
  },
  "test": {
    "qini": 0.3761156499385834,
    "auuc": 7582.613590263692,
    "lift@30": 7779.92578125,
    "pehe": 3.6046431064605713,
    "ate": 0.3666483163833618
  }
}