{
  "tag": null,
  "config": "pact/configs/server/pubmed.yaml",
  "learner": "gdc",
  "rho": 30.0,
  "seed": 2,
  "no_gpe": true,
  "epoch": 40,
  "val": {
    "qini": 0.28747329115867615,
    "auuc": 6464.2652802434695,
    "lift@30": 7231.5400390625,
    "pehe": 4.589599132537842,
    "ate": 1.9417169094085693
  },
  "test": {
    "qini": 0.3253191113471985,
    "auuc": 6781.700304259635,
    "lift@30": 7167.05810546875,
    "pehe": 4.593697547912598,
    "ate": 2.000178575515747
  }
}