{
  "tag": null,
  "config": "pact/configs/server/pubmed.yaml",
  "learner": "gdc",
  "rho": 30.0,
  "seed": 0,
  "no_gpe": false,
  "epoch": 20,
  "val": {
    "qini": 0.35328805446624756,
    "auuc": 7476.8135937103725,
    "lift@30": 7821.16845703125,
    "pehe": 4.63779354095459,
    "ate": 2.4607443809509277
  },
  "test": {
    "qini": 0.26273301243782043,
    "auuc": 5979.612068965517,
    "lift@30": 6109.6865234375,
    "pehe": 4.677395343780518,
    "ate": 2.4117956161499023
  }
}