{
  "tag": null,
  "config": "pact/configs/server/pubmed.yaml",
  "learner": "gdc",
  "rho": 30.0,
  "seed": 0,
  "no_gpe": false,
  "epoch": 70,
  "val": {
    "qini": 0.3922075927257538,
    "auuc": 7868.242454983515,
    "lift@30": 7407.77734375,
    "pehe": 2.896200656890869,
    "ate": 0.5098675489425659
  },
  "test": {
    "qini": 0.3283814489841461,
    "auuc": 6620.61663286004,
    "lift@30": 7149.02197265625,
    "pehe": 3.00132155418396,
    "ate": 0.5629450082778931
  }
}