{
  "tag": null,
  "config": "pact/configs/server/pubmed.yaml",
  "learner": "gdc",
  "rho": 30.0,
  "seed": 0,
  "no_gpe": true,
  "epoch": 90,
  "val": {
    "qini": 0.41220712661743164,
    "auuc": 8069.385239665229,
    "lift@30": 9110.9150390625,
    "pehe": 3.143718719482422,
    "ate": 0.7935358881950378
  },
  "test": {
    "qini": 0.3156983554363251,
    "auuc": 6496.775354969574,
    "lift@30": 6886.3798828125,
    "pehe": 3.2036635875701904,
    "ate": 0.8744663000106812
  }
}