{
  "tag": null,
  "config": "pact/configs/server/pubmed.yaml",
  "learner": "gdc",
  "rho": 30.0,
  "seed": 3,
  "no_gpe": true,
  "epoch": 80,
  "val": {
    "qini": 0.37198755145072937,
    "auuc": 7059.633274156733,
    "lift@30": 6827.138671875,
    "pehe": 3.0372517108917236,
    "ate": 0.7194921374320984
  },
  "test": {
    "qini": 0.4859424829483032,
    "auuc": 8597.563894523326,
    "lift@30": 9337.841796875,
    "pehe": 2.9898030757904053,
    "ate": 0.7264245748519897
  }
}