{
  "tag": null,
  "config": "pact/configs/server/pubmed.yaml",
  "learner": "gdc",
  "rho": 30.0,
  "seed": 1,
  "no_gpe": false,
  "epoch": 20,
  "val": {
    "qini": 0.3348606824874878,
    "auuc": 6638.041085467918,
    "lift@30": 7019.77880859375,
    "pehe": 5.007655143737793,
    "ate": 3.0467171669006348
  },
  "test": {
    "qini": 0.25604891777038574,
    "auuc": 5982.596348884382,
    "lift@30": 6081.1845703125,
    "pehe": 4.965446472167969,
    "ate": 2.9606194496154785
  }
}