{
  "tag": null,
  "config": "pact/configs/server/pubmed.yaml",
  "learner": "gdc",
  "rho": 30.0,
  "seed": 4,
  "no_gpe": false,
  "epoch": 40,
  "val": {
    "qini": 0.3471088409423828,
    "auuc": 6422.458026883084,
    "lift@30": 6880.92041015625,
    "pehe": 3.3919332027435303,
    "ate": 0.485188364982605
  },
  "test": {
    "qini": 0.36533060669898987,
    "auuc": 6552.804259634889,
    "lift@30": 6504.57861328125,
    "pehe": 3.4041337966918945,
    "ate": 0.5241189002990723
  }
}