{
  "pe_method": "laplacian",
  "seed": 4,
  "test": {
    "pehe": 2.2818291187286377,
    "ate": 0.281000018119812,
    "qini": 0.6235715746879578
  }
}