{
  "pe_method": "laplacian",
  "seed": 3,
  "test": {
    "pehe": 2.173616886138916,
    "ate": 0.05636560916900635,
    "qini": 0.6839982271194458
  }
}