{
  "pe_method": "laplacian",
  "seed": 1,
  "test": {
    "pehe": 2.564383029937744,
    "ate": 0.6373588442802429,
    "qini": 0.5863086581230164
  }
}