{
  "pe_method": "degree_pagerank",
  "seed": 1,
  "test": {
    "pehe": 3.081484317779541,
    "ate": 1.2350701093673706,
    "qini": 0.5824117660522461
  }
}