{
  "pe_method": "degree_pagerank",
  "seed": 0,
  "test": {
    "pehe": 2.179737091064453,
    "ate": 0.22858011722564697,
    "qini": 0.6382448673248291
  }
}