{
  "pe_method": "laplacian",
  "seed": 0,
  "test": {
    "pehe": 2.2203824520111084,
    "ate": 0.42594265937805176,
    "qini": 0.6436244249343872
  }
}