{
  "pe_method": "node2vec",
  "seed": 2,
  "test": {
    "pehe": 2.3473689556121826,
    "ate": 0.2285928726196289,
    "qini": 0.6143667101860046
  }
}