{
  "pe_method": "degree_pagerank",
  "seed": 3,
  "test": {
    "pehe": 2.0965490341186523,
    "ate": 0.3205857276916504,
    "qini": 0.6930750608444214
  }
}