{
  "pe_method": "degree_pagerank",
  "seed": 4,
  "test": {
    "pehe": 2.326561212539673,
    "ate": 0.7078673839569092,
    "qini": 0.633948564529419
  }
}