{
  "pe_method": "node2vec",
  "seed": 0,
  "test": {
    "pehe": 2.3192925453186035,
    "ate": 0.007654070854187012,
    "qini": 0.6277005672454834
  }
}