{
  "pe_method": "degree_pagerank",
  "seed": 2,
  "test": {
    "pehe": 2.165168046951294,
    "ate": 0.37935853004455566,
    "qini": 0.6082337498664856
  }
}