{
  "pe_method": "node2vec",
  "seed": 4,
  "test": {
    "pehe": 2.4547605514526367,
    "ate": 0.5222938060760498,
    "qini": 0.6316028833389282
  }
}