{
  "pe_method": "node2vec",
  "seed": 1,
  "test": {
    "pehe": 2.4869556427001953,
    "ate": 0.7527557015419006,
    "qini": 0.595659077167511
  }
}