{
  "pe_method": "node2vec",
  "seed": 3,
  "test": {
    "pehe": 2.2174432277679443,
    "ate": 0.08295869827270508,
    "qini": 0.6877105236053467
  }
}