{
  "pe_method": "laplacian",
  "seed": 2,
  "test": {
    "pehe": 2.101301670074463,
    "ate": 0.20777153968811035,
    "qini": 0.6135554909706116
  }
}