{
  "tag": null,
  "config": "pact/configs/server/cora_full.yaml",
  "learner": "gdc",
  "rho": 10.0,
  "seed": 1,
  "no_gpe": true,
  "epoch": 80,
  "val": {
    "qini": 0.559989869594574,
    "auuc": 5757.0477393281135,
    "lift@30": 5639.1015625,
    "pehe": 3.2943365573883057,
    "ate": 0.5085432529449463
  },
  "test": {
    "qini": 0.5456593632698059,
    "auuc": 5831.320869125821,
    "lift@30": 5531.5703125,
    "pehe": 3.44795823097229,
    "ate": 0.48600268363952637
  }
}