{
  "tag": null,
  "config": "pact/configs/server/cora_full.yaml",
  "learner": "tarnet",
  "rho": 10.0,
  "seed": 1,
  "no_gpe": true,
  "epoch": 30,
  "val": {
    "qini": 0.5964040756225586,
    "auuc": 6357.2508209143725,
    "lift@30": 6051.32763671875,
    "pehe": 2.9373507499694824,
    "ate": 0.4011162519454956
  },
  "test": {
    "qini": 0.5771388411521912,
    "auuc": 6253.590702374937,
    "lift@30": 6084.77392578125,
    "pehe": 2.807464599609375,
    "ate": 0.4311673641204834
  }
}