{
  "tag": null,
  "config": "pact/configs/server/cora_full.yaml",
  "learner": "tarnet",
  "rho": 10.0,
  "seed": 2,
  "no_gpe": false,
  "epoch": 40,
  "val": {
    "qini": 0.6214727759361267,
    "auuc": 6567.359434200555,
    "lift@30": 6494.212890625,
    "pehe": 2.4063456058502197,
    "ate": 0.5503048896789551
  },
  "test": {
    "qini": 0.6455926895141602,
    "auuc": 6288.785245073269,
    "lift@30": 6399.81884765625,
    "pehe": 2.3295373916625977,
    "ate": 0.5048466920852661
  }
}