{
  "tag": null,
  "config": "pact/configs/server/cora_full.yaml",
  "learner": "gdc",
  "rho": 10.0,
  "seed": 3,
  "no_gpe": false,
  "epoch": 70,
  "val": {
    "qini": 0.6423788666725159,
    "auuc": 6241.561000252589,
    "lift@30": 6664.2041015625,
    "pehe": 2.88996958732605,
    "ate": 0.21503221988677979
  },
  "test": {
    "qini": 0.6637129187583923,
    "auuc": 6194.33653360283,
    "lift@30": 6528.61767578125,
    "pehe": 2.94260835647583,
    "ate": 0.2614614963531494
  }
}