{
  "tag": null,
  "config": "pact/configs/server/cora_full.yaml",
  "learner": "tarnet",
  "rho": 10.0,
  "seed": 0,
  "no_gpe": false,
  "epoch": 40,
  "val": {
    "qini": 0.6555696725845337,
    "auuc": 6512.412225309422,
    "lift@30": 6509.3173828125,
    "pehe": 2.1757450103759766,
    "ate": 0.25472867488861084
  },
  "test": {
    "qini": 0.6575341820716858,
    "auuc": 6490.409297625063,
    "lift@30": 6454.224609375,
    "pehe": 2.273355007171631,
    "ate": 0.2869250774383545
  }
}