{
  "tag": null,
  "config": "pact/configs/server/cora_full.yaml",
  "learner": "gdc",
  "rho": 10.0,
  "seed": 0,
  "no_gpe": false,
  "epoch": 60,
  "val": {
    "qini": 0.6403792500495911,
    "auuc": 6197.714574387472,
    "lift@30": 6380.97412109375,
    "pehe": 2.9339990615844727,
    "ate": 0.8097568154335022
  },
  "test": {
    "qini": 0.6505183577537537,
    "auuc": 6606.67256189995,
    "lift@30": 6734.99462890625,
    "pehe": 3.027556896209717,
    "ate": 0.814356803894043
  }
}