{
  "tag": null,
  "config": "pact/configs/server/cora_full.yaml",
  "learner": "gdc",
  "rho": 10.0,
  "seed": 2,
  "no_gpe": true,
  "epoch": 80,
  "val": {
    "qini": 0.5443252921104431,
    "auuc": 6187.2189946956305,
    "lift@30": 5935.115234375,
    "pehe": 3.4126665592193604,
    "ate": 0.5768113136291504
  },
  "test": {
    "qini": 0.5639871954917908,
    "auuc": 5908.135927235978,
    "lift@30": 5823.0927734375,
    "pehe": 3.7206790447235107,
    "ate": 0.6472835540771484
  }
}