{
  "tag": null,
  "config": "pact/configs/server/cora_full.yaml",
  "learner": "gdc",
  "rho": 10.0,
  "seed": 3,
  "no_gpe": true,
  "epoch": 60,
  "val": {
    "qini": 0.5800161361694336,
    "auuc": 5714.689568072746,
    "lift@30": 5687.2197265625,
    "pehe": 3.664957284927368,
    "ate": 1.4144880771636963
  },
  "test": {
    "qini": 0.5672844648361206,
    "auuc": 5811.385042950986,
    "lift@30": 5587.95458984375,
    "pehe": 3.7824954986572266,
    "ate": 1.36752450466156
  }
}