{
  "tag": null,
  "config": "pact/configs/server/cora_full.yaml",
  "learner": "gdc",
  "rho": 10.0,
  "seed": 2,
  "no_gpe": false,
  "epoch": 70,
  "val": {
    "qini": 0.6304372549057007,
    "auuc": 6611.530184389998,
    "lift@30": 6902.3115234375,
    "pehe": 2.935807466506958,
    "ate": 0.18935739994049072
  },
  "test": {
    "qini": 0.6709251999855042,
    "auuc": 6406.946942900455,
    "lift@30": 6900.2119140625,
    "pehe": 3.8439831733703613,
    "ate": 0.28983116149902344
  }
}