{
  "tag": null,
  "config": "pact/configs/server/cora_full.yaml",
  "learner": "tarnet",
  "rho": 10.0,
  "seed": 3,
  "no_gpe": false,
  "epoch": 40,
  "val": {
    "qini": 0.6063964366912842,
    "auuc": 6077.391765597373,
    "lift@30": 6256.99853515625,
    "pehe": 2.5500309467315674,
    "ate": 0.5627923011779785
  },
  "test": {
    "qini": 0.5748274922370911,
    "auuc": 6165.99898938858,
    "lift@30": 6041.8154296875,
    "pehe": 2.614123582839966,
    "ate": 0.6643301248550415
  }
}