{
  "tag": null,
  "config": "pact/configs/server/cora_full.yaml",
  "learner": "gdc",
  "rho": 10.0,
  "seed": 4,
  "no_gpe": true,
  "epoch": 40,
  "val": {
    "qini": 0.566252589225769,
    "auuc": 5883.549381156858,
    "lift@30": 5859.75146484375,
    "pehe": 3.993978977203369,
    "ate": 1.525185227394104
  },
  "test": {
    "qini": 0.5371963977813721,
    "auuc": 6008.625568468924,
    "lift@30": 5789.875,
    "pehe": 4.001564979553223,
    "ate": 1.329897403717041
  }
}