{
  "tag": null,
  "config": "pact/configs/server/cora_full.yaml",
  "learner": "gdc",
  "rho": 10.0,
  "seed": 1,
  "no_gpe": false,
  "epoch": 60,
  "val": {
    "qini": 0.6149172782897949,
    "auuc": 6039.14523869664,
    "lift@30": 6192.68017578125,
    "pehe": 2.9860963821411133,
    "ate": 0.7063567638397217
  },
  "test": {
    "qini": 0.5906948447227478,
    "auuc": 6153.151086407276,
    "lift@30": 6521.79931640625,
    "pehe": 3.174098491668701,
    "ate": 0.722023606300354
  }
}