{
  "tag": null,
  "config": "pact/configs/server/cora_full.yaml",
  "learner": "tarnet",
  "rho": 10.0,
  "seed": 2,
  "no_gpe": true,
  "epoch": 40,
  "val": {
    "qini": 0.5589125156402588,
    "auuc": 6258.039909067947,
    "lift@30": 6035.9072265625,
    "pehe": 2.939993143081665,
    "ate": 0.703492283821106
  },
  "test": {
    "qini": 0.5766565799713135,
    "auuc": 5692.33754421425,
    "lift@30": 5664.9736328125,
    "pehe": 2.9052066802978516,
    "ate": 0.7354270219802856
  }
}