{
  "tag": null,
  "config": "pact/configs/server/cora_full.yaml",
  "learner": "tarnet",
  "rho": 10.0,
  "seed": 4,
  "no_gpe": true,
  "epoch": 40,
  "val": {
    "qini": 0.6060950756072998,
    "auuc": 5904.957817630715,
    "lift@30": 5902.6005859375,
    "pehe": 2.7208259105682373,
    "ate": 0.823560357093811
  },
  "test": {
    "qini": 0.5913803577423096,
    "auuc": 6346.2233451238,
    "lift@30": 6234.50244140625,
    "pehe": 2.849486827850342,
    "ate": 0.8928440809249878
  }
}