{
  "tag": null,
  "config": "pact/configs/server/cora_full.yaml",
  "learner": "tarnet",
  "rho": 10.0,
  "seed": 4,
  "no_gpe": false,
  "epoch": 40,
  "val": {
    "qini": 0.6155861616134644,
    "auuc": 6306.163172518312,
    "lift@30": 6424.7587890625,
    "pehe": 2.4310646057128906,
    "ate": 0.5512422323226929
  },
  "test": {
    "qini": 0.631378173828125,
    "auuc": 6645.8590197069225,
    "lift@30": 6688.11328125,
    "pehe": 2.536153554916382,
    "ate": 0.627150297164917
  }
}