{
  "tag": null,
  "config": "pact/configs/server/cora_full.yaml",
  "learner": "gdc",
  "rho": 10.0,
  "seed": 4,
  "no_gpe": false,
  "epoch": 70,
  "val": {
    "qini": 0.6553853750228882,
    "auuc": 6079.128062642081,
    "lift@30": 6636.37744140625,
    "pehe": 3.108907699584961,
    "ate": 0.02585124969482422
  },
  "test": {
    "qini": 0.6603201627731323,
    "auuc": 6566.513390601313,
    "lift@30": 6833.197265625,
    "pehe": 3.18993878364563,
    "ate": 0.07497036457061768
  }
}