{
  "tag": null,
  "config": "pact/configs/server/cora_full.yaml",
  "learner": "tarnet",
  "rho": 10.0,
  "seed": 3,
  "no_gpe": true,
  "epoch": 40,
  "val": {
    "qini": 0.5742301940917969,
    "auuc": 6079.38570346047,
    "lift@30": 6083.17919921875,
    "pehe": 2.836932420730591,
    "ate": 0.3698505163192749
  },
  "test": {
    "qini": 0.5390063524246216,
    "auuc": 6167.397675593734,
    "lift@30": 6003.04931640625,
    "pehe": 2.9837453365325928,
    "ate": 0.34426820278167725
  }
}