{
  "tag": null,
  "config": "pact/configs/server/cora_full.yaml",
  "learner": "tarnet",
  "rho": 10.0,
  "seed": 1,
  "no_gpe": false,
  "epoch": 40,
  "val": {
    "qini": 0.5813781023025513,
    "auuc": 5879.9307906036875,
    "lift@30": 5936.005859375,
    "pehe": 2.980161428451538,
    "ate": 1.2373007535934448
  },
  "test": {
    "qini": 0.5774633288383484,
    "auuc": 6089.345629105609,
    "lift@30": 6210.9248046875,
    "pehe": 2.7983248233795166,
    "ate": 1.2026185989379883
  }
}