{
  "tag": null,
  "config": "pact/configs/server/cora_full.yaml",
  "learner": "gdc",
  "rho": 10.0,
  "seed": 0,
  "no_gpe": true,
  "epoch": 40,
  "val": {
    "qini": 0.5565543174743652,
    "auuc": 6016.474867390755,
    "lift@30": 5743.96435546875,
    "pehe": 4.113530158996582,
    "ate": 2.0147995948791504
  },
  "test": {
    "qini": 0.5621272325515747,
    "auuc": 6043.824153612936,
    "lift@30": 5920.1181640625,
    "pehe": 4.274988174438477,
    "ate": 2.0199077129364014
  }
}