{
  "tag": null,
  "config": "pact/configs/server/cora_full.yaml",
  "learner": "tarnet",
  "rho": 10.0,
  "seed": 0,
  "no_gpe": true,
  "epoch": 40,
  "val": {
    "qini": 0.6113159656524658,
    "auuc": 6329.9626168224295,
    "lift@30": 6296.88916015625,
    "pehe": 3.287910223007202,
    "ate": 1.4814807176589966
  },
  "test": {
    "qini": 0.6240671873092651,
    "auuc": 6410.167761495705,
    "lift@30": 6351.7919921875,
    "pehe": 3.542565107345581,
    "ate": 1.4647490978240967
  }
}