{
  "tag": null,
  "config": "pact/configs/server/dblp.yaml",
  "learner": "tarnet",
  "rho": 10.0,
  "seed": 2,
  "no_gpe": false,
  "epoch": 30,
  "val": {
    "qini": 0.6457329988479614,
    "auuc": 4987.889359300028,
    "lift@30": 5485.5908203125,
    "pehe": 2.0248992443084717,
    "ate": 0.49090027809143066
  },
  "test": {
    "qini": 0.650398850440979,
    "auuc": 5136.918995201806,
    "lift@30": 5656.595703125,
    "pehe": 2.0654330253601074,
    "ate": 0.5174671411514282
  }
}