{
  "tag": null,
  "config": "pact/configs/server/dblp.yaml",
  "learner": "gdc",
  "rho": 10.0,
  "seed": 3,
  "no_gpe": false,
  "epoch": 50,
  "val": {
    "qini": 0.6086916327476501,
    "auuc": 5031.688964154671,
    "lift@30": 5436.92236328125,
    "pehe": 2.4583003520965576,
    "ate": 0.45886170864105225
  },
  "test": {
    "qini": 0.6283912062644958,
    "auuc": 5372.20773355913,
    "lift@30": 5954.4375,
    "pehe": 2.5423848628997803,
    "ate": 0.3477989435195923
  }
}