{
  "tag": null,
  "config": "pact/configs/server/dblp.yaml",
  "learner": "tarnet",
  "rho": 10.0,
  "seed": 4,
  "no_gpe": false,
  "epoch": 30,
  "val": {
    "qini": 0.6150452494621277,
    "auuc": 5286.1597516229185,
    "lift@30": 5882.56005859375,
    "pehe": 2.5507946014404297,
    "ate": 0.2547541856765747
  },
  "test": {
    "qini": 0.616195023059845,
    "auuc": 5176.057578323454,
    "lift@30": 5705.091796875,
    "pehe": 2.3577630519866943,
    "ate": 0.23449063301086426
  }
}