{
  "tag": null,
  "config": "pact/configs/server/dblp.yaml",
  "learner": "tarnet",
  "rho": 10.0,
  "seed": 1,
  "no_gpe": false,
  "epoch": 40,
  "val": {
    "qini": 0.6325838565826416,
    "auuc": 4928.652554332487,
    "lift@30": 5551.630859375,
    "pehe": 2.914928674697876,
    "ate": 1.2276194095611572
  },
  "test": {
    "qini": 0.6478997468948364,
    "auuc": 5380.748518204911,
    "lift@30": 5924.9853515625,
    "pehe": 2.8775787353515625,
    "ate": 1.1949408054351807
  }
}