{
  "tag": null,
  "config": "pact/configs/server/dblp.yaml",
  "learner": "gdc",
  "rho": 10.0,
  "seed": 0,
  "no_gpe": true,
  "epoch": 90,
  "val": {
    "qini": 0.5691170692443848,
    "auuc": 4842.145074795371,
    "lift@30": 4982.5634765625,
    "pehe": 3.1816275119781494,
    "ate": 0.1552962064743042
  },
  "test": {
    "qini": 0.601591169834137,
    "auuc": 4999.440587073102,
    "lift@30": 5410.7734375,
    "pehe": 3.1313581466674805,
    "ate": 0.09377169609069824
  }
}