{
  "tag": null,
  "config": "pact/configs/server/dblp.yaml",
  "learner": "tarnet",
  "rho": 10.0,
  "seed": 1,
  "no_gpe": true,
  "epoch": 40,
  "val": {
    "qini": 0.6489364504814148,
    "auuc": 5045.14422805532,
    "lift@30": 5412.43603515625,
    "pehe": 2.280017375946045,
    "ate": 0.02815842628479004
  },
  "test": {
    "qini": 0.6377969980239868,
    "auuc": 5281.22099915326,
    "lift@30": 5740.3017578125,
    "pehe": 2.219085454940796,
    "ate": 0.06817126274108887
  }
}