{
  "tag": null,
  "config": "pact/configs/server/dblp.yaml",
  "learner": "tarnet",
  "rho": 10.0,
  "seed": 0,
  "no_gpe": false,
  "epoch": 40,
  "val": {
    "qini": 0.6221626400947571,
    "auuc": 5049.068021450748,
    "lift@30": 5401.4677734375,
    "pehe": 2.316223382949829,
    "ate": 0.5337833166122437
  },
  "test": {
    "qini": 0.670311689376831,
    "auuc": 5266.291278577477,
    "lift@30": 5817.2978515625,
    "pehe": 2.3563156127929688,
    "ate": 0.5302074551582336
  }
}