{
  "tag": null,
  "config": "pact/configs/server/dblp.yaml",
  "learner": "gdc",
  "rho": 10.0,
  "seed": 3,
  "no_gpe": true,
  "epoch": 60,
  "val": {
    "qini": 0.608063280582428,
    "auuc": 4824.059836296923,
    "lift@30": 5279.1962890625,
    "pehe": 2.802273988723755,
    "ate": 0.0910179615020752
  },
  "test": {
    "qini": 0.6388886570930481,
    "auuc": 5261.685577194468,
    "lift@30": 5683.71826171875,
    "pehe": 2.8002169132232666,
    "ate": 0.016857266426086426
  }
}