{
  "tag": null,
  "config": "pact/configs/server/dblp.yaml",
  "learner": "tarnet",
  "rho": 10.0,
  "seed": 3,
  "no_gpe": false,
  "epoch": 40,
  "val": {
    "qini": 0.6578266024589539,
    "auuc": 5232.867626305391,
    "lift@30": 5669.3017578125,
    "pehe": 2.568603992462158,
    "ate": 1.062919020652771
  },
  "test": {
    "qini": 0.6293532848358154,
    "auuc": 5384.347727914197,
    "lift@30": 5810.8671875,
    "pehe": 2.6900458335876465,
    "ate": 1.1801892518997192
  }
}