{
  "tag": null,
  "config": "pact/configs/server/dblp.yaml",
  "learner": "gdc",
  "rho": 10.0,
  "seed": 0,
  "no_gpe": false,
  "epoch": 80,
  "val": {
    "qini": 0.5743945837020874,
    "auuc": 4996.803838554897,
    "lift@30": 5522.89013671875,
    "pehe": 3.3139188289642334,
    "ate": 0.3334616422653198
  },
  "test": {
    "qini": 0.6485070586204529,
    "auuc": 5608.740050804403,
    "lift@30": 6112.52978515625,
    "pehe": 3.2268333435058594,
    "ate": 0.38165080547332764
  }
}