{
  "tag": null,
  "config": "pact/configs/server/dblp.yaml",
  "learner": "tarnet",
  "rho": 10.0,
  "seed": 0,
  "no_gpe": true,
  "epoch": 40,
  "val": {
    "qini": 0.6147074103355408,
    "auuc": 5019.982500705617,
    "lift@30": 5446.359375,
    "pehe": 2.671523332595825,
    "ate": 0.8195949792861938
  },
  "test": {
    "qini": 0.6567678451538086,
    "auuc": 5213.696867061812,
    "lift@30": 5732.21728515625,
    "pehe": 2.684163808822632,
    "ate": 0.8385481834411621
  }
}