{
  "tag": null,
  "config": "pact/configs/server/dblp.yaml",
  "learner": "gdc",
  "rho": 10.0,
  "seed": 4,
  "no_gpe": true,
  "epoch": 40,
  "val": {
    "qini": 0.6175650954246521,
    "auuc": 5392.532317245273,
    "lift@30": 5857.982421875,
    "pehe": 3.486647367477417,
    "ate": 1.287423014640808
  },
  "test": {
    "qini": 0.5945024490356445,
    "auuc": 4969.050522156364,
    "lift@30": 5388.921875,
    "pehe": 3.2979726791381836,
    "ate": 1.2385973930358887
  }
}