{
  "tag": null,
  "config": "pact/configs/server/dblp.yaml",
  "learner": "tarnet",
  "rho": 10.0,
  "seed": 3,
  "no_gpe": true,
  "epoch": 40,
  "val": {
    "qini": 0.6520944237709045,
    "auuc": 4882.57521874118,
    "lift@30": 5417.65087890625,
    "pehe": 2.204862117767334,
    "ate": 0.018771648406982422
  },
  "test": {
    "qini": 0.6477537751197815,
    "auuc": 5405.617273497036,
    "lift@30": 5839.64794921875,
    "pehe": 2.221040964126587,
    "ate": 0.043212056159973145
  }
}