{
  "tag": null,
  "config": "pact/configs/server/dblp.yaml",
  "learner": "gdc",
  "rho": 10.0,
  "seed": 1,
  "no_gpe": false,
  "epoch": 60,
  "val": {
    "qini": 0.6083827018737793,
    "auuc": 4895.38639570985,
    "lift@30": 5341.865234375,
    "pehe": 2.5449390411376953,
    "ate": 0.16127312183380127
  },
  "test": {
    "qini": 0.6358544230461121,
    "auuc": 5142.6683601467685,
    "lift@30": 5614.16259765625,
    "pehe": 2.540813684463501,
    "ate": 0.17266535758972168
  }
}