{
  "tag": null,
  "config": "pact/configs/server/dblp.yaml",
  "learner": "gdc",
  "rho": 10.0,
  "seed": 4,
  "no_gpe": false,
  "epoch": 100,
  "val": {
    "qini": 0.6317461729049683,
    "auuc": 5315.328252893029,
    "lift@30": 5881.94580078125,
    "pehe": 2.95615816116333,
    "ate": 0.41903817653656006
  },
  "test": {
    "qini": 0.6224473714828491,
    "auuc": 4957.451312447079,
    "lift@30": 5394.267578125,
    "pehe": 2.659123659133911,
    "ate": 0.5007789134979248
  }
}