{
  "tag": null,
  "config": "pact/configs/server/dblp.yaml",
  "learner": "tarnet",
  "rho": 10.0,
  "seed": 4,
  "no_gpe": true,
  "epoch": 30,
  "val": {
    "qini": 0.6117084622383118,
    "auuc": 5271.940163703077,
    "lift@30": 5840.45263671875,
    "pehe": 2.7363500595092773,
    "ate": 0.7285209894180298
  },
  "test": {
    "qini": 0.6215662360191345,
    "auuc": 5198.2929720575785,
    "lift@30": 5651.267578125,
    "pehe": 2.706725597381592,
    "ate": 0.7576756477355957
  }
}