{
  "tag": null,
  "config": "pact/configs/server/dblp.yaml",
  "learner": "gdc",
  "rho": 10.0,
  "seed": 1,
  "no_gpe": true,
  "epoch": 50,
  "val": {
    "qini": 0.5640859603881836,
    "auuc": 4723.297205757833,
    "lift@30": 5020.859375,
    "pehe": 3.1886355876922607,
    "ate": 1.2302016019821167
  },
  "test": {
    "qini": 0.5751917958259583,
    "auuc": 4903.952018063787,
    "lift@30": 5234.7236328125,
    "pehe": 3.2275335788726807,
    "ate": 1.24239981174469
  }
}