{
  "tag": null,
  "config": "pact/configs/server/dblp.yaml",
  "learner": "tarnet",
  "rho": 10.0,
  "seed": 2,
  "no_gpe": true,
  "epoch": 40,
  "val": {
    "qini": 0.6423590779304504,
    "auuc": 4974.9827829523,
    "lift@30": 5472.3017578125,
    "pehe": 2.4318337440490723,
    "ate": 0.11859703063964844
  },
  "test": {
    "qini": 0.647210955619812,
    "auuc": 5124.491109229467,
    "lift@30": 5675.0927734375,
    "pehe": 2.4491732120513916,
    "ate": 0.14975500106811523
  }
}