{
  "tag": null,
  "config": "pact/configs/server/dblp.yaml",
  "learner": "gdc",
  "rho": 10.0,
  "seed": 2,
  "no_gpe": false,
  "epoch": 60,
  "val": {
    "qini": 0.6400389075279236,
    "auuc": 4789.338413773638,
    "lift@30": 5399.97314453125,
    "pehe": 2.7760064601898193,
    "ate": 0.5000025629997253
  },
  "test": {
    "qini": 0.64005446434021,
    "auuc": 5065.901778154107,
    "lift@30": 5612.85595703125,
    "pehe": 2.747037410736084,
    "ate": 0.5532291531562805
  }
}