{
  "tag": null,
  "config": "pact/configs/server/dblp.yaml",
  "learner": "gdc",
  "rho": 10.0,
  "seed": 2,
  "no_gpe": true,
  "epoch": 100,
  "val": {
    "qini": 0.616709291934967,
    "auuc": 4794.530059271803,
    "lift@30": 5122.7998046875,
    "pehe": 3.0840258598327637,
    "ate": 0.14320802688598633
  },
  "test": {
    "qini": 0.6178280711174011,
    "auuc": 5039.77194467965,
    "lift@30": 5345.693359375,
    "pehe": 3.0971717834472656,
    "ate": 0.11826527118682861
  }
}