{
  "tag": null,
  "config": "pact/configs/server/pubmed.yaml",
  "learner": "gdc",
  "rho": 10.0,
  "seed": 0,
  "no_gpe": true,
  "epoch": 70,
  "val": {
    "qini": 0.6041356325149536,
    "auuc": 7741.219376109561,
    "lift@30": 8037.9443359375,
    "pehe": 2.482841968536377,
    "ate": 0.1179354190826416
  },
  "test": {
    "qini": 0.5765517950057983,
    "auuc": 7120.639959432048,
    "lift@30": 7463.5048828125,
    "pehe": 2.45660400390625,
    "ate": 0.15628111362457275
  }
}