{
  "tag": null,
  "config": "pact/configs/server/pubmed.yaml",
  "learner": "tarnet",
  "rho": 10.0,
  "seed": 3,
  "no_gpe": true,
  "epoch": 50,
  "val": {
    "qini": 0.5578499436378479,
    "auuc": 6847.144306365712,
    "lift@30": 6874.4873046875,
    "pehe": 3.0444250106811523,
    "ate": 0.83138108253479
  },
  "test": {
    "qini": 0.5694394111633301,
    "auuc": 7161.343813387424,
    "lift@30": 7136.80224609375,
    "pehe": 2.975334882736206,
    "ate": 0.7855435609817505
  }
}