{
  "tag": null,
  "config": "pact/configs/server/pubmed.yaml",
  "learner": "gdc",
  "rho": 10.0,
  "seed": 4,
  "no_gpe": false,
  "epoch": 60,
  "val": {
    "qini": 0.6095678806304932,
    "auuc": 6995.673345168653,
    "lift@30": 7309.966796875,
    "pehe": 2.0883266925811768,
    "ate": 0.44901740550994873
  },
  "test": {
    "qini": 0.6158520579338074,
    "auuc": 6647.195740365111,
    "lift@30": 7101.748046875,
    "pehe": 2.1081526279449463,
    "ate": 0.4712224006652832
  }
}