{
  "tag": null,
  "config": "pact/configs/server/pubmed.yaml",
  "learner": "gdc",
  "rho": 10.0,
  "seed": 2,
  "no_gpe": true,
  "epoch": 70,
  "val": {
    "qini": 0.605475664138794,
    "auuc": 7123.169160537662,
    "lift@30": 7488.81689453125,
    "pehe": 2.410342216491699,
    "ate": 0.3452502489089966
  },
  "test": {
    "qini": 0.6006860733032227,
    "auuc": 7511.127789046654,
    "lift@30": 7855.3662109375,
    "pehe": 2.4184999465942383,
    "ate": 0.3558540344238281
  }
}