{
  "tag": null,
  "config": "pact/configs/server/pubmed.yaml",
  "learner": "tarnet",
  "rho": 10.0,
  "seed": 1,
  "no_gpe": true,
  "epoch": 40,
  "val": {
    "qini": 0.5502054691314697,
    "auuc": 6881.139234085722,
    "lift@30": 6829.73681640625,
    "pehe": 4.46794319152832,
    "ate": 2.802504062652588
  },
  "test": {
    "qini": 0.5471997857093811,
    "auuc": 6619.1272819472615,
    "lift@30": 6699.1513671875,
    "pehe": 4.516608715057373,
    "ate": 2.8598504066467285
  }
}