{
  "tag": null,
  "config": "pact/configs/server/pubmed.yaml",
  "learner": "gdc",
  "rho": 10.0,
  "seed": 1,
  "no_gpe": true,
  "epoch": 60,
  "val": {
    "qini": 0.560738742351532,
    "auuc": 6730.064417955871,
    "lift@30": 6991.1943359375,
    "pehe": 2.4406559467315674,
    "ate": 0.22390830516815186
  },
  "test": {
    "qini": 0.570903480052948,
    "auuc": 7393.757099391481,
    "lift@30": 7777.10400390625,
    "pehe": 2.455942153930664,
    "ate": 0.2353041172027588
  }
}