{
  "tag": null,
  "config": "pact/configs/server/pubmed.yaml",
  "learner": "tarnet",
  "rho": 10.0,
  "seed": 0,
  "no_gpe": false,
  "epoch": 50,
  "val": {
    "qini": 0.5579330921173096,
    "auuc": 7464.294192239412,
    "lift@30": 7480.2705078125,
    "pehe": 3.467571973800659,
    "ate": 0.11918818950653076
  },
  "test": {
    "qini": 0.5311062335968018,
    "auuc": 6859.084685598377,
    "lift@30": 6812.4189453125,
    "pehe": 3.5080981254577637,
    "ate": 0.16981780529022217
  }
}