{
  "tag": null,
  "config": "pact/configs/server/pubmed.yaml",
  "learner": "tarnet",
  "rho": 10.0,
  "seed": 1,
  "no_gpe": false,
  "epoch": 50,
  "val": {
    "qini": 0.5909185409545898,
    "auuc": 7051.625158508749,
    "lift@30": 7002.3984375,
    "pehe": 3.118361234664917,
    "ate": 0.46652817726135254
  },
  "test": {
    "qini": 0.5791901350021362,
    "auuc": 7088.554259634889,
    "lift@30": 7134.3662109375,
    "pehe": 3.0659570693969727,
    "ate": 0.4342602491378784
  }
}