{
  "tag": null,
  "config": "pact/configs/server/pubmed.yaml",
  "learner": "tarnet",
  "rho": 10.0,
  "seed": 4,
  "no_gpe": false,
  "epoch": 50,
  "val": {
    "qini": 0.58640056848526,
    "auuc": 6765.827542480345,
    "lift@30": 7029.73388671875,
    "pehe": 2.569887399673462,
    "ate": 0.7636036276817322
  },
  "test": {
    "qini": 0.5976426601409912,
    "auuc": 6589.365111561866,
    "lift@30": 6717.5966796875,
    "pehe": 2.569772958755493,
    "ate": 0.7276455760002136
  }
}