{
  "tag": null,
  "config": "pact/configs/server/pubmed.yaml",
  "learner": "tarnet",
  "rho": 10.0,
  "seed": 2,
  "no_gpe": false,
  "epoch": 60,
  "val": {
    "qini": 0.6146315336227417,
    "auuc": 6889.392848085215,
    "lift@30": 7150.236328125,
    "pehe": 2.5059542655944824,
    "ate": 0.017812728881835938
  },
  "test": {
    "qini": 0.617236852645874,
    "auuc": 7227.14401622718,
    "lift@30": 7546.1181640625,
    "pehe": 2.4354915618896484,
    "ate": 0.025442123413085938
  }
}