{
  "tag": null,
  "config": "pact/configs/server/pubmed.yaml",
  "learner": "gdc",
  "rho": 10.0,
  "seed": 2,
  "no_gpe": false,
  "epoch": 50,
  "val": {
    "qini": 0.6353920698165894,
    "auuc": 6973.92036520416,
    "lift@30": 7235.158203125,
    "pehe": 2.0898385047912598,
    "ate": 0.1549161672592163
  },
  "test": {
    "qini": 0.6250131130218506,
    "auuc": 7070.131845841785,
    "lift@30": 7385.7412109375,
    "pehe": 2.1192424297332764,
    "ate": 0.15646493434906006
  }
}