{
  "tag": null,
  "config": "pact/configs/server/pubmed.yaml",
  "learner": "gdc",
  "rho": 10.0,
  "seed": 1,
  "no_gpe": false,
  "epoch": 30,
  "val": {
    "qini": 0.5973644256591797,
    "auuc": 6990.765914278468,
    "lift@30": 7144.71923828125,
    "pehe": 4.052924156188965,
    "ate": 1.9562214612960815
  },
  "test": {
    "qini": 0.6010953187942505,
    "auuc": 7256.228701825557,
    "lift@30": 7684.037109375,
    "pehe": 4.003742218017578,
    "ate": 1.9377540349960327
  }
}