{
  "tag": null,
  "config": "pact/configs/server/pubmed.yaml",
  "learner": "gdc",
  "rho": 10.0,
  "seed": 3,
  "no_gpe": true,
  "epoch": 80,
  "val": {
    "qini": 0.5615129470825195,
    "auuc": 6933.540451432919,
    "lift@30": 7050.04736328125,
    "pehe": 2.6811091899871826,
    "ate": 0.018361806869506836
  },
  "test": {
    "qini": 0.5626621246337891,
    "auuc": 6972.84584178499,
    "lift@30": 7223.4921875,
    "pehe": 2.7259418964385986,
    "ate": 0.07816052436828613
  }
}