{
  "tag": null,
  "config": "pact/configs/server/pubmed.yaml",
  "learner": "tarnet",
  "rho": 10.0,
  "seed": 0,
  "no_gpe": true,
  "epoch": 50,
  "val": {
    "qini": 0.5476917624473572,
    "auuc": 7256.588384478823,
    "lift@30": 7392.5078125,
    "pehe": 3.344639301300049,
    "ate": 0.34895622730255127
  },
  "test": {
    "qini": 0.5096943974494934,
    "auuc": 6532.604969574037,
    "lift@30": 6517.27783203125,
    "pehe": 3.2300922870635986,
    "ate": 0.4024672508239746
  }
}