{
  "tag": null,
  "config": "pact/configs/server/pubmed.yaml",
  "learner": "tarnet",
  "rho": 10.0,
  "seed": 2,
  "no_gpe": true,
  "epoch": 80,
  "val": {
    "qini": 0.5659070014953613,
    "auuc": 6903.129596753741,
    "lift@30": 7032.9462890625,
    "pehe": 4.210214138031006,
    "ate": 0.5301815271377563
  },
  "test": {
    "qini": 0.5579473376274109,
    "auuc": 7263.666328600406,
    "lift@30": 7315.2392578125,
    "pehe": 3.993788719177246,
    "ate": 0.35297393798828125
  }
}