{
  "tag": null,
  "config": "pact/configs/server/pubmed.yaml",
  "learner": "gdc",
  "rho": 10.0,
  "seed": 4,
  "no_gpe": true,
  "epoch": 60,
  "val": {
    "qini": 0.6141657829284668,
    "auuc": 7369.553639360893,
    "lift@30": 7622.12060546875,
    "pehe": 2.348188638687134,
    "ate": 0.32010936737060547
  },
  "test": {
    "qini": 0.6091209053993225,
    "auuc": 6711.919371196755,
    "lift@30": 7079.18798828125,
    "pehe": 2.384256601333618,
    "ate": 0.2765427827835083
  }
}