{
  "tag": null,
  "config": "pact/configs/server/pubmed.yaml",
  "learner": "gdc",
  "rho": 10.0,
  "seed": 3,
  "no_gpe": false,
  "epoch": 50,
  "val": {
    "qini": 0.5974379777908325,
    "auuc": 7002.756276946488,
    "lift@30": 7539.11181640625,
    "pehe": 2.3111231327056885,
    "ate": 0.07536017894744873
  },
  "test": {
    "qini": 0.6153290867805481,
    "auuc": 7239.512677484787,
    "lift@30": 7516.51806640625,
    "pehe": 2.2283430099487305,
    "ate": 0.08573794364929199
  }
}