{
  "tag": null,
  "config": "pact/configs/server/pubmed.yaml",
  "learner": "tarnet",
  "rho": 10.0,
  "seed": 4,
  "no_gpe": true,
  "epoch": 50,
  "val": {
    "qini": 0.5964881181716919,
    "auuc": 7073.005833121988,
    "lift@30": 7257.08740234375,
    "pehe": 2.9722907543182373,
    "ate": 0.34150421619415283
  },
  "test": {
    "qini": 0.5902535319328308,
    "auuc": 6827.028397565923,
    "lift@30": 6981.59375,
    "pehe": 2.9869649410247803,
    "ate": 0.25407886505126953
  }
}