{
  "tag": null,
  "config": "pact/configs/server/pubmed.yaml",
  "learner": "tarnet",
  "rho": 10.0,
  "seed": 3,
  "no_gpe": false,
  "epoch": 60,
  "val": {
    "qini": 0.567461371421814,
    "auuc": 6900.349480091301,
    "lift@30": 6980.96728515625,
    "pehe": 4.183426380157471,
    "ate": 2.560289144515991
  },
  "test": {
    "qini": 0.5853909254074097,
    "auuc": 7250.450811359026,
    "lift@30": 7288.65283203125,
    "pehe": 4.191258430480957,
    "ate": 2.6256182193756104
  }
}