{
  "tag": null,
  "config": "pact/configs/server/pubmed.yaml",
  "learner": "gdc",
  "rho": 10.0,
  "seed": 0,
  "no_gpe": false,
  "epoch": 60,
  "val": {
    "qini": 0.6271703243255615,
    "auuc": 7660.405782399189,
    "lift@30": 8128.49365234375,
    "pehe": 2.1310977935791016,
    "ate": 0.4271479845046997
  },
  "test": {
    "qini": 0.6133509278297424,
    "auuc": 7049.47261663286,
    "lift@30": 7416.71435546875,
    "pehe": 2.187051773071289,
    "ate": 0.4965794086456299
  }
}