{
  "tag": null,
  "config": "pact/configs/server/dblp.yaml",
  "learner": "tarnet",
  "rho": 10.0,
  "seed": 0,
  "no_gpe": false,
  "epoch": 40,
  "val": {
    "qini": 0.6613230109214783,
    "auuc": 5111.944115156647,
    "lift@30": 5651.3154296875,
    "pehe": 2.1218101978302,
    "ate": 0.18248283863067627
  },
  "test": {
    "qini": 0.6589966416358948,
    "auuc": 5234.480948348857,
    "lift@30": 5719.154296875,
    "pehe": 2.073463201522827,
    "ate": 0.14525973796844482
  }
}