{
  "tag": null,
  "config": "pact/configs/server/dblp.yaml",
  "learner": "tarnet",
  "rho": 10.0,
  "seed": 3,
  "no_gpe": true,
  "epoch": 40,
  "val": {
    "qini": 0.6486110687255859,
    "auuc": 4692.71549534293,
    "lift@30": 5208.82861328125,
    "pehe": 2.286670446395874,
    "ate": 0.3982408046722412
  },
  "test": {
    "qini": 0.6399927139282227,
    "auuc": 5200.50465707028,
    "lift@30": 5605.19482421875,
    "pehe": 2.3202459812164307,
    "ate": 0.43379032611846924
  }
}