{
  "tag": null,
  "config": "pact/configs/server/dblp.yaml",
  "learner": "tarnet",
  "rho": 10.0,
  "seed": 2,
  "no_gpe": false,
  "epoch": 30,
  "val": {
    "qini": 0.6717652082443237,
    "auuc": 5074.182331357607,
    "lift@30": 5640.654296875,
    "pehe": 1.9236456155776978,
    "ate": 0.6226543188095093
  },
  "test": {
    "qini": 0.6498773097991943,
    "auuc": 5286.236522720858,
    "lift@30": 5869.4716796875,
    "pehe": 2.0113205909729004,
    "ate": 0.6433894634246826
  }
}