{
  "tag": null,
  "config": "pact/configs/server/dblp.yaml",
  "learner": "tarnet",
  "rho": 10.0,
  "seed": 2,
  "no_gpe": false,
  "epoch": 30,
  "val": {
    "qini": 0.6432536244392395,
    "auuc": 4962.58537962179,
    "lift@30": 5422.55224609375,
    "pehe": 2.1581835746765137,
    "ate": 0.14013421535491943
  },
  "test": {
    "qini": 0.6415365934371948,
    "auuc": 5251.976855771944,
    "lift@30": 5712.17138671875,
    "pehe": 2.254054069519043,
    "ate": 0.11347603797912598
  }
}