{
  "tag": null,
  "config": "pact/configs/server/dblp.yaml",
  "learner": "tarnet",
  "rho": 10.0,
  "seed": 4,
  "no_gpe": false,
  "epoch": 30,
  "val": {
    "qini": 0.6671337485313416,
    "auuc": 5289.548405306237,
    "lift@30": 5898.056640625,
    "pehe": 2.2958102226257324,
    "ate": 0.13152074813842773
  },
  "test": {
    "qini": 0.6422704458236694,
    "auuc": 5079.099068585944,
    "lift@30": 5826.07470703125,
    "pehe": 2.0090858936309814,
    "ate": 0.10207927227020264
  }
}