{
  "tag": null,
  "config": "pact/configs/server/dblp.yaml",
  "learner": "tarnet",
  "rho": 10.0,
  "seed": 1,
  "no_gpe": true,
  "epoch": 30,
  "val": {
    "qini": 0.6229270100593567,
    "auuc": 5287.5946937623485,
    "lift@30": 5833.73876953125,
    "pehe": 2.0143775939941406,
    "ate": 0.13148963451385498
  },
  "test": {
    "qini": 0.6076393723487854,
    "auuc": 5280.624329664127,
    "lift@30": 5767.142578125,
    "pehe": 1.9418163299560547,
    "ate": 0.09146881103515625
  }
}