{
  "tag": null,
  "config": "pact/configs/server/dblp.yaml",
  "learner": "tarnet",
  "rho": 10.0,
  "seed": 2,
  "no_gpe": true,
  "epoch": 30,
  "val": {
    "qini": 0.6646786332130432,
    "auuc": 5046.443127293254,
    "lift@30": 5586.31884765625,
    "pehe": 2.0399396419525146,
    "ate": 0.283649206161499
  },
  "test": {
    "qini": 0.6524413228034973,
    "auuc": 5296.76883996613,
    "lift@30": 5775.93017578125,
    "pehe": 2.0445189476013184,
    "ate": 0.30509066581726074
  }
}