{
  "tag": null,
  "config": "pact/configs/server/dblp.yaml",
  "learner": "tarnet",
  "rho": 10.0,
  "seed": 4,
  "no_gpe": true,
  "epoch": 30,
  "val": {
    "qini": 0.6257815361022949,
    "auuc": 5121.663561953147,
    "lift@30": 5581.59814453125,
    "pehe": 2.895146369934082,
    "ate": 0.8744847774505615
  },
  "test": {
    "qini": 0.5840253233909607,
    "auuc": 4843.547276319503,
    "lift@30": 5381.51318359375,
    "pehe": 2.7889654636383057,
    "ate": 0.9139702320098877
  }
}