{
  "tag": null,
  "config": "pact/configs/server/dblp.yaml",
  "learner": "tarnet",
  "rho": 10.0,
  "seed": 1,
  "no_gpe": false,
  "epoch": 40,
  "val": {
    "qini": 0.6242415904998779,
    "auuc": 5293.009314140559,
    "lift@30": 5662.62744140625,
    "pehe": 2.3601956367492676,
    "ate": 0.7951583862304688
  },
  "test": {
    "qini": 0.6051544547080994,
    "auuc": 5270.111205193339,
    "lift@30": 5839.43310546875,
    "pehe": 2.3493010997772217,
    "ate": 0.8262854814529419
  }
}