{
  "tag": null,
  "config": "pact/configs/server/dblp.yaml",
  "learner": "tarnet",
  "rho": 10.0,
  "seed": 3,
  "no_gpe": false,
  "epoch": 30,
  "val": {
    "qini": 0.6919105052947998,
    "auuc": 4854.054755856619,
    "lift@30": 5477.85888671875,
    "pehe": 2.032443046569824,
    "ate": 0.4161747097969055
  },
  "test": {
    "qini": 0.666885256767273,
    "auuc": 5311.6929156082415,
    "lift@30": 5909.10009765625,
    "pehe": 2.0174124240875244,
    "ate": 0.4299761652946472
  }
}