{
  "tag": null,
  "config": "pact/configs/server/dblp.yaml",
  "learner": "tarnet",
  "rho": 10.0,
  "seed": 4,
  "no_gpe": false,
  "epoch": 30,
  "val": {
    "qini": 0.6417312622070312,
    "auuc": 5186.419983065199,
    "lift@30": 5648.18798828125,
    "pehe": 2.5317251682281494,
    "ate": 0.11742210388183594
  },
  "test": {
    "qini": 0.6074089407920837,
    "auuc": 4938.112334180073,
    "lift@30": 5519.458984375,
    "pehe": 2.330695390701294,
    "ate": 0.10139119625091553
  }
}