{
  "tag": null,
  "config": "pact/configs/server/dblp.yaml",
  "learner": "tarnet",
  "rho": 10.0,
  "seed": 0,
  "no_gpe": true,
  "epoch": 40,
  "val": {
    "qini": 0.669565737247467,
    "auuc": 5144.47022297488,
    "lift@30": 5819.67919921875,
    "pehe": 2.1180572509765625,
    "ate": 0.4184767007827759
  },
  "test": {
    "qini": 0.6486708521842957,
    "auuc": 5193.385831216483,
    "lift@30": 5647.0498046875,
    "pehe": 2.1062142848968506,
    "ate": 0.4078325033187866
  }
}