{
  "tag": null,
  "config": "pact/configs/server/dblp.yaml",
  "learner": "tarnet",
  "rho": 10.0,
  "seed": 0,
  "no_gpe": true,
  "epoch": 20,
  "val": {
    "qini": 0.6771391034126282,
    "auuc": 5174.353937341236,
    "lift@30": 5809.90478515625,
    "pehe": 1.7702375650405884,
    "ate": 0.1223069429397583
  },
  "test": {
    "qini": 0.6666253209114075,
    "auuc": 5264.842788597234,
    "lift@30": 6013.96435546875,
    "pehe": 1.7655689716339111,
    "ate": 0.08353614807128906
  }
}