{
  "tag": null,
  "config": "pact/configs/server/dblp.yaml",
  "learner": "tarnet",
  "rho": 10.0,
  "seed": 3,
  "no_gpe": true,
  "epoch": 30,
  "val": {
    "qini": 0.6866018176078796,
    "auuc": 4834.274908269827,
    "lift@30": 5480.72119140625,
    "pehe": 2.13505482673645,
    "ate": 0.516793966293335
  },
  "test": {
    "qini": 0.669272243976593,
    "auuc": 5321.5630821337845,
    "lift@30": 5921.74658203125,
    "pehe": 2.1419789791107178,
    "ate": 0.5028409957885742
  }
}