{
  "tag": null,
  "config": "pact/configs/server/dblp.yaml",
  "learner": "tarnet",
  "rho": 10.0,
  "seed": 1,
  "no_gpe": true,
  "epoch": 40,
  "val": {
    "qini": 0.6095530986785889,
    "auuc": 5232.484899802427,
    "lift@30": 5664.59326171875,
    "pehe": 2.418297052383423,
    "ate": 0.7017982006072998
  },
  "test": {
    "qini": 0.6069920659065247,
    "auuc": 5277.884278859723,
    "lift@30": 5784.06494140625,
    "pehe": 2.344409942626953,
    "ate": 0.7127472162246704
  }
}