{
  "tag": null,
  "config": "pact/configs/server/dblp.yaml",
  "learner": "tarnet",
  "rho": 10.0,
  "seed": 1,
  "no_gpe": false,
  "epoch": 40,
  "val": {
    "qini": 0.6089489459991455,
    "auuc": 5229.997177533164,
    "lift@30": 5711.7744140625,
    "pehe": 2.1489789485931396,
    "ate": 0.08159959316253662
  },
  "test": {
    "qini": 0.6023628115653992,
    "auuc": 5258.302003951453,
    "lift@30": 5806.4970703125,
    "pehe": 2.0796988010406494,
    "ate": 0.14059913158416748
  }
}