{
  "tag": null,
  "config": "pact/configs/server/dblp.yaml",
  "learner": "tarnet",
  "rho": 10.0,
  "seed": 2,
  "no_gpe": true,
  "epoch": 40,
  "val": {
    "qini": 0.6481595635414124,
    "auuc": 4981.789443974033,
    "lift@30": 5494.60009765625,
    "pehe": 2.529442310333252,
    "ate": 0.3505192995071411
  },
  "test": {
    "qini": 0.6299310922622681,
    "auuc": 5204.316116285634,
    "lift@30": 5714.27880859375,
    "pehe": 2.58270263671875,
    "ate": 0.38449859619140625
  }
}