{
  "tag": null,
  "config": "pact/configs/server/dblp.yaml",
  "learner": "tarnet",
  "rho": 10.0,
  "seed": 4,
  "no_gpe": true,
  "epoch": 20,
  "val": {
    "qini": 0.664854109287262,
    "auuc": 5280.295794524414,
    "lift@30": 5881.2666015625,
    "pehe": 2.0017733573913574,
    "ate": 0.056365251541137695
  },
  "test": {
    "qini": 0.6329502463340759,
    "auuc": 5041.405588484336,
    "lift@30": 5711.09033203125,
    "pehe": 1.8672692775726318,
    "ate": 0.10289251804351807
  }
}