{
  "tag": null,
  "config": "pact/configs/server/dblp.yaml",
  "learner": "tarnet",
  "rho": 10.0,
  "seed": 3,
  "no_gpe": false,
  "epoch": 30,
  "val": {
    "qini": 0.6615139842033386,
    "auuc": 4740.79311318092,
    "lift@30": 5261.859375,
    "pehe": 2.2336838245391846,
    "ate": 0.05913710594177246
  },
  "test": {
    "qini": 0.6502824425697327,
    "auuc": 5243.048828676263,
    "lift@30": 5834.2744140625,
    "pehe": 2.2732625007629395,
    "ate": 0.005425572395324707
  }
}