{
  "tag": null,
  "config": "pact/configs/server/dblp.yaml",
  "learner": "tarnet",
  "rho": 10.0,
  "seed": 0,
  "no_gpe": false,
  "epoch": 30,
  "val": {
    "qini": 0.6744059920310974,
    "auuc": 5163.568727067457,
    "lift@30": 5728.64111328125,
    "pehe": 1.9242892265319824,
    "ate": 0.3706057071685791
  },
  "test": {
    "qini": 0.6756771206855774,
    "auuc": 5300.868190798758,
    "lift@30": 5850.37841796875,
    "pehe": 1.9289213418960571,
    "ate": 0.362723708152771
  }
}